6216,2023/01/04,25.3,25.4,25.15,25.4,0.09999999999999787,0.40,84.719
6216,2023/01/03,25.2,25.35,25.15,25.3,0.10000000000000142,0.40,53.328
6216,2022/12/30,25.15,25.2,25.1,25.2,0.09999999999999787,0.40,98.66
6216,2022/12/29,25.2,25.25,25,25.1,-0.14999999999999858,-0.59,158.613
6216,2022/12/28,25.3,25.3,25.2,25.25,-0.14999999999999858,-0.59,101.222
6216,2022/12/27,25.25,25.4,25.25,25.4,0.14999999999999858,0.59,104.189
6216,2022/12/26,25.25,25.45,25.2,25.25,0,0.00,165.869
6216,2022/12/23,25.25,25.3,25.1,25.25,0,0.00,89.728
6216,2022/12/22,25.4,25.4,25.25,25.25,0,0.00,73.109
6216,2022/12/21,25.25,25.5,25.2,25.25,0.05000000000000071,0.20,86.512
6216,2022/12/20,25.5,25.6,25.2,25.2,-0.3500000000000014,-1.37,274.428
6216,2022/12/19,25.55,25.6,25.25,25.55,-0.09999999999999787,-0.39,134.6
6216,2022/12/16,25.75,25.9,25.5,25.65,-0.15000000000000213,-0.58,307.382
6216,2022/12/15,25.9,25.9,25.75,25.8,-0.09999999999999787,-0.39,98.042
6216,2022/12/14,25.7,25.9,25.6,25.9,0.1999999999999993,0.78,112.351
6216,2022/12/13,25.7,25.8,25.65,25.7,0,0.00,164.46
6216,2022/12/12,26.05,26.05,25.45,25.7,-0.40000000000000213,-1.53,585.256
6216,2022/12/09,26.2,26.3,26,26.1,0.05000000000000071,0.19,182.005
6216,2022/12/08,26.2,26.3,25.8,26.05,-0.14999999999999858,-0.57,298.16
6216,2022/12/07,26.2,26.6,25.75,26.2,0,0.00,420.011
6216,2022/12/06,26.35,26.5,26.15,26.2,-0.25,-0.95,235.71
6216,2022/12/05,26.3,26.6,26.1,26.45,0.1999999999999993,0.76,443.703
6216,2022/12/02,26.5,26.5,26.15,26.25,-0.10000000000000142,-0.38,203.29
6216,2022/12/01,26.35,26.8,26.2,26.35,0.15000000000000213,0.57,506.848
6216,2022/11/30,26,26.3,25.95,26.2,0.25,0.96,206.855
6216,2022/11/29,25.6,25.95,25.6,25.95,0.25,0.97,136.475
6216,2022/11/28,25.7,25.75,25.5,25.7,-0.05000000000000071,-0.19,114.417
6216,2022/11/25,25.9,26.4,25.7,25.75,-0.14999999999999858,-0.58,265.062
6216,2022/11/24,25.9,26,25.65,25.9,0,0.00,356.242
6216,2022/11/23,26.2,26.3,25.9,25.9,0,0.00,177.707
6216,2022/11/22,26.15,26.15,25.9,25.9,-0.20000000000000284,-0.77,122.002
6216,2022/11/21,26.3,26.5,26,26.1,-0.14999999999999858,-0.57,187.436
6216,2022/11/18,26.2,26.75,26,26.25,0.05000000000000071,0.19,348.76
6216,2022/11/17,25.7,26.3,25.65,26.2,0.5,1.95,246.787
6216,2022/11/16,26,26,25.6,25.7,-0.1999999999999993,-0.77,216.818
6216,2022/11/15,25.75,26.05,25.6,25.9,0.1999999999999993,0.78,269.368
6216,2022/11/14,25.35,25.85,25.35,25.7,0.34999999999999787,1.38,425.742
6216,2022/11/11,25.5,25.75,25.25,25.35,0.3000000000000007,1.20,435.97
6216,2022/11/10,25.25,25.35,25.05,25.05,-0.25,-0.99,135.181
6216,2022/11/09,25.2,25.45,25.2,25.3,0.15000000000000213,0.60,198.759
6216,2022/11/08,25.45,25.5,25.1,25.15,-0.10000000000000142,-0.40,152.105
6216,2022/11/07,25.25,25.4,25.2,25.25,0.05000000000000071,0.20,203.637
6216,2022/11/04,25.15,25.2,24.95,25.2,0.1999999999999993,0.80,109.01
6216,2022/11/03,24.5,25.2,24.5,25,-0.3500000000000014,-1.38,145.17
6216,2022/11/02,24.95,25.35,24.95,25.35,0.40000000000000213,1.60,182.336
6216,2022/11/01,24.75,25.05,24.65,24.95,0.3000000000000007,1.22,102.2
6216,2022/10/31,24.55,24.75,24.55,24.65,0.14999999999999858,0.61,107.159
6216,2022/10/28,25,25,24.35,24.5,-0.4499999999999993,-1.80,408.855
6216,2022/10/27,26.9,26.9,24.7,24.95,0.3000000000000007,1.22,762.177
6216,2022/10/26,24.7,25.05,24.55,24.65,-0.10000000000000142,-0.40,187.116
6216,2022/10/25,24.65,24.9,24.45,24.75,0.05000000000000071,0.20,121.756
6216,2022/10/24,24.65,25,24.65,24.7,0.1999999999999993,0.82,145.581
6216,2022/10/21,24.5,24.8,24.4,24.5,0,0.00,138.304
6216,2022/10/20,24.65,24.85,24.3,24.5,-0.10000000000000142,-0.41,219.577
6216,2022/10/19,25,25.2,24.6,24.6,-0.3999999999999986,-1.60,143.963
6216,2022/10/18,25.4,25.4,24.85,25,0.05000000000000071,0.20,119.043
6216,2022/10/17,24.9,25,24.35,24.95,-0.05000000000000071,-0.20,199.72
6216,2022/10/14,24.85,25.25,24.7,25,0.6499999999999986,2.67,200.39
6216,2022/10/13,25.35,25.35,24.3,24.35,-1,-3.94,557.438
6216,2022/10/12,25.1,25.35,24.65,25.35,0.3500000000000014,1.40,477.38
6216,2022/10/11,25.4,25.4,24.2,25,-1.1499999999999986,-4.40,1192.906
6216,2022/10/07,26.3,26.3,26,26.15,0.04999999999999716,0.19,171.351
6216,2022/10/06,26.5,26.6,26,26.1,-0.25,-0.95,244.143
6216,2022/10/05,26.2,26.5,26.1,26.35,0.25,0.96,176.23
6216,2022/10/04,26.2,26.3,26,26.1,0.20000000000000284,0.77,225.201
6216,2022/10/03,26.05,26.05,25.65,25.9,-0.15000000000000213,-0.58,180.494
6216,2022/09/30,26,26.1,25.4,26.05,-0.09999999999999787,-0.38,292.147
6216,2022/09/29,26.1,26.4,26.05,26.15,0.14999999999999858,0.58,180.36
6216,2022/09/28,26.65,26.7,26,26,-0.6000000000000014,-2.26,526.635
6216,2022/09/27,26.55,26.65,26,26.6,0.05000000000000071,0.19,353.303
6216,2022/09/26,27.2,27.2,26.4,26.55,-0.6499999999999986,-2.39,626.923
6216,2022/09/23,27.8,27.8,27,27.2,-0.6000000000000014,-2.16,684.313
6216,2022/09/22,27.7,28,27.5,27.8,0.10000000000000142,0.36,148.259
6216,2022/09/21,27.9,27.9,27.5,27.7,-0.1999999999999993,-0.72,282.988
6216,2022/09/20,28.05,28.1,27.85,27.9,-0.10000000000000142,-0.36,334.087
6216,2022/09/19,28.1,28.25,27.9,28,-0.05000000000000071,-0.18,300.509
6216,2022/09/16,28.35,28.35,28,28.05,-0.3000000000000007,-1.06,408.806
6216,2022/09/15,29.05,29.25,28.35,28.35,-0.6999999999999993,-2.41,561.317
6216,2022/09/14,28.9,29.2,28.6,29.05,-0.14999999999999858,-0.51,327.246
6216,2022/09/13,28.65,29.5,28.65,29.2,0.5500000000000007,1.92,640.822
6216,2022/09/12,28.75,29,27.75,28.65,-0.40000000000000213,-1.38,1706.787
6216,2022/09/08,28.8,29.1,28.7,29.05,0.3500000000000014,1.22,446.203
6216,2022/09/07,28.65,28.75,28.05,28.7,-0.3500000000000014,-1.20,565.876
6216,2022/09/06,29,29.25,28.95,29.05,0.1999999999999993,0.69,535.099
6216,2022/09/05,29.8,30.1,28.8,28.85,-1.0999999999999979,-3.67,585.787
6216,2022/09/02,30.15,30.15,29.7,29.95,0,0.00,332.366
6216,2022/09/01,30.6,30.95,29.95,29.95,-1.1500000000000021,-3.70,874.666
6216,2022/08/31,31,31.6,30.85,31.1,0.10000000000000142,0.32,431.758
6216,2022/08/30,30.7,31.05,30.4,31,0.6999999999999993,2.31,336.305
6216,2022/08/29,29.9,30.9,29.7,30.3,-2.1999999999999993,-6.77,853.755
6216,2022/08/26,33,33,32.25,32.5,-0.25,-0.76,969.957
6216,2022/08/25,32.25,32.9,32.25,32.75,0.5,1.55,816.351
6216,2022/08/24,32.6,32.65,32,32.25,-0.10000000000000142,-0.31,872.546
6216,2022/08/23,32.05,32.55,31.9,32.35,0.14999999999999858,0.47,777.776
6216,2022/08/22,32,32.6,31.6,32.2,-0.04999999999999716,-0.16,899.317
6216,2022/08/19,32.45,32.75,32,32.25,0,0.00,823.504
6216,2022/08/18,32.15,32.4,31.85,32.25,0.3000000000000007,0.94,742.766
6216,2022/08/17,32.2,32.2,31.35,31.95,0.05000000000000071,0.16,794.428
6216,2022/08/16,30.95,32.25,30.95,31.9,1.0499999999999972,3.40,1639.18
6216,2022/08/15,30.4,31,30.35,30.85,0.5,1.65,1439.44
6216,2022/08/12,30.25,30.45,29.7,30.35,0.15000000000000213,0.50,1878.52
6216,2022/08/11,31.8,31.8,30.15,30.2,-3.2500000000000036,-9.72,6186.032
6216,2022/08/10,32.35,33.75,32.3,33.45,0.9000000000000057,2.76,2675.18
6216,2022/08/09,32.95,33.8,32.45,32.55,-0.30000000000000426,-0.91,3542.903
6216,2022/08/08,31.6,33.15,31.6,32.85,0.75,2.34,2159.418
6216,2022/08/05,31.4,32.85,31.4,32.1,1.0500000000000007,3.38,2783.341
6216,2022/08/04,30,31.5,30,31.05,0.5500000000000007,1.80,1264.382
6216,2022/08/03,30.5,31,30.05,30.5,0,0.00,713.83
6216,2022/08/02,30.7,30.95,30.1,30.5,-0.3000000000000007,-0.97,619.226
6216,2022/08/01,30.55,31,30.25,30.8,0.40000000000000213,1.32,566.375
6216,2022/07/29,29.9,30.55,29.7,30.4,0.6999999999999993,2.36,669.269
6216,2022/07/28,29.75,29.95,29.5,29.7,0.1999999999999993,0.68,661.494
6216,2022/07/27,28.9,29.55,28.85,29.5,0.5,1.72,427.219
6216,2022/07/26,29.35,29.45,28.8,29,-0.3000000000000007,-1.02,276.058
6216,2022/07/25,28.85,29.45,28.5,29.3,0.3000000000000007,1.03,407.095
6216,2022/07/22,29.25,29.55,29,29,-0.4499999999999993,-1.53,509.946
6216,2022/07/21,29.55,29.55,29.15,29.45,0.1999999999999993,0.68,489.757
6216,2022/07/20,29.2,29.5,28.95,29.25,0.3000000000000007,1.04,1255.101
6216,2022/07/19,28.65,29,28.45,28.95,0.3999999999999986,1.40,558.462
6216,2022/07/18,28.3,28.95,28.2,28.55,0.40000000000000213,1.42,621.221
6216,2022/07/15,28.25,28.7,27.9,28.15,-0.3000000000000007,-1.05,810.862
6216,2022/07/14,27.35,28.45,27.35,28.45,0.9499999999999993,3.45,1157.934
6216,2022/07/13,28,28.1,27.25,27.5,-0.10000000000000142,-0.36,1965.24
6216,2022/07/12,29.35,30,27.55,27.6,-3,-9.80,5638.481
6216,2022/07/11,30.75,30.95,30.6,30.6,-3.3500000000000014,-9.87,1915.22
6216,2022/07/08,31.35,34.15,31.35,33.95,2.7500000000000036,8.81,4696.587
6216,2022/07/07,29.7,31.35,29.5,31.2,1.6499999999999986,5.58,904.261
6216,2022/07/06,31,31,29.45,29.55,-1,-3.27,485.301
6216,2022/07/05,30.1,30.75,29.8,30.55,1.1999999999999993,4.09,670.535
6216,2022/07/04,29.65,30,29.1,29.35,-0.09999999999999787,-0.34,520.052
6216,2022/07/01,31.6,31.6,29.05,29.45,-2,-6.36,1391.998
6216,2022/06/30,32,32.3,31.2,31.45,-0.5,-1.56,1096.79
6216,2022/06/29,31.6,31.95,30.95,31.95,0,0.00,769.228
6216,2022/06/28,32,32.05,31.15,31.95,0.14999999999999858,0.47,815.549
6216,2022/06/27,32.1,32.45,31.8,31.8,0.25,0.79,1021.885
6216,2022/06/24,30.6,32.1,30.6,31.55,0.9499999999999993,3.10,1181.653
6216,2022/06/23,31.65,32.1,30.2,30.6,-0.8499999999999979,-2.70,1749.839
6216,2022/06/22,31.6,32.05,30.7,31.45,0.09999999999999787,0.32,1412.24
6216,2022/06/21,29.5,31.7,29.4,31.35,2.200000000000003,7.55,1973.304
6216,2022/06/20,32.95,32.95,29.15,29.15,-3.200000000000003,-9.89,4460.224
6216,2022/06/17,30.35,32.35,30.35,32.35,1.5500000000000007,5.03,2838.937
6216,2022/06/16,32.1,33.1,30.8,30.8,-0.5,-1.60,5667.632
6216,2022/06/15,30.25,32.4,30.25,31.3,1.0500000000000007,3.47,3766.875
6216,2022/06/14,30.95,31,29.6,30.25,-0.5,-1.63,1180.885
6216,2022/06/13,30.3,31.3,30.05,30.75,0.9499999999999993,3.19,1925.297
6216,2022/06/10,29.75,30.15,29.7,29.8,-0.3000000000000007,-1.00,250.854
6216,2022/06/09,30.1,30.85,29.9,30.1,0.3000000000000007,1.01,562.992
6216,2022/06/08,30.2,30.3,29.8,29.8,-0.25,-0.83,369.307
6216,2022/06/07,30.15,30.45,29.9,30.05,-0.09999999999999787,-0.33,390.522
6216,2022/06/06,30,30.2,29.6,30.15,0.14999999999999858,0.50,308.139
6216,2022/06/02,29.35,30.2,29.3,30,0.6000000000000014,2.04,849.883
6216,2022/06/01,29.1,29.5,29.1,29.4,0.1999999999999993,0.68,271.175
6216,2022/05/31,29.4,29.4,29,29.2,0.05000000000000071,0.17,63.001
6216,2022/05/30,28.9,29.35,28.85,29.15,0.5,1.75,350.855
6216,2022/05/27,28.65,28.85,28.6,28.65,0.09999999999999787,0.35,141.761
6216,2022/05/26,28.8,28.8,28.5,28.55,-0.25,-0.87,201.366
6216,2022/05/25,28.5,29,28.5,28.8,0.15000000000000213,0.52,175.179
6216,2022/05/24,29.1,29.45,28.65,28.65,-0.45000000000000284,-1.55,453.664
6216,2022/05/23,28.8,29.3,28.8,29.1,0.3500000000000014,1.22,382.923
6216,2022/05/20,28.8,29.05,28.7,28.75,0.05000000000000071,0.17,353.218
6216,2022/05/19,28,28.7,28,28.7,-0.05000000000000071,-0.17,161.86
6216,2022/05/18,28.6,28.8,28.3,28.75,0.5,1.77,355.55
6216,2022/05/17,27.9,28.35,27.9,28.25,0.3500000000000014,1.25,316.077
6216,2022/05/16,27.7,28.15,27.25,27.9,0.29999999999999716,1.09,676.528
6216,2022/05/13,27.45,27.75,27.15,27.6,0.5,1.85,662.365
6216,2022/05/12,28.2,28.3,27,27.1,-1.3499999999999979,-4.75,1481.366
6216,2022/05/11,30.6,31,28.35,28.45,-3.0500000000000007,-9.68,4023.78
6216,2022/05/10,29.7,31.85,29.45,31.5,1.6999999999999993,5.70,2166.349
6216,2022/05/09,30.2,30.2,29.55,29.8,-0.3999999999999986,-1.32,652.276
6216,2022/05/06,29.7,30.2,29.45,30.2,0.09999999999999787,0.33,373.04
6216,2022/05/05,30.3,30.75,29.95,30.1,0.10000000000000142,0.33,911.632
6216,2022/05/04,30.55,30.65,29.8,30,-0.10000000000000142,-0.33,896.909
6216,2022/05/03,31.1,31.45,30.05,30.1,-1.1499999999999986,-3.68,1195.079
6216,2022/04/29,31.65,32.2,30.75,31.25,-0.3500000000000014,-1.11,2690.458
6216,2022/04/28,30.85,32.35,30.6,31.6,1.0500000000000007,3.44,2918.604
6216,2022/04/27,29.35,30.9,29.1,30.55,0.3500000000000014,1.16,917.637
6216,2022/04/26,29.85,30.45,29.65,30.2,0.6999999999999993,2.37,848.172
6216,2022/04/25,29.95,29.95,29.3,29.5,-1.0500000000000007,-3.44,1041.743
6216,2022/04/22,31.3,31.3,30.55,30.55,-0.6499999999999986,-2.08,978.107
6216,2022/04/21,31.6,32.25,31.2,31.2,-0.3000000000000007,-0.95,1668.849
6216,2022/04/20,31.8,32,31.2,31.5,-0.10000000000000142,-0.32,1780.011
6216,2022/04/19,30.4,32.5,30.4,31.6,1.3000000000000007,4.29,4935.953
6216,2022/04/18,30,30.75,29.35,30.3,0.3000000000000007,1.00,788.834
6216,2022/04/15,29.35,30.4,29.35,30,0,0.00,756.132
6216,2022/04/14,30.2,31,29.9,30,-0.10000000000000142,-0.33,1173.495
6216,2022/04/13,29.35,30.4,29.35,30.1,0.8000000000000007,2.73,1108.184
6216,2022/04/12,29.8,29.8,29.25,29.3,-0.3000000000000007,-1.01,943.459
6216,2022/04/11,30.8,30.8,29.15,29.6,1.4500000000000028,5.15,1832.756
6216,2022/04/08,27.75,28.3,27.75,28.15,0.29999999999999716,1.08,200.926
6216,2022/04/07,28.45,28.45,27.85,27.85,-0.5999999999999979,-2.11,380.725
6216,2022/04/06,28,28.5,27.95,28.45,0.5,1.79,566.359
6216,2022/04/01,27.8,28.05,27.3,27.95,0.14999999999999858,0.54,227.781
6216,2022/03/31,27.7,28.05,27.65,27.8,0.10000000000000142,0.36,276.231
6216,2022/03/30,28,28,27.6,27.7,0,0.00,155.842
6216,2022/03/29,28,28.05,27.7,27.7,-0.15000000000000213,-0.54,209.418
6216,2022/03/28,28,28,27.7,27.85,0.10000000000000142,0.36,357.109
6216,2022/03/25,27.5,28.15,27.35,27.75,0.6000000000000014,2.21,592.36
6216,2022/03/24,26.95,27.4,26.9,27.15,0.25,0.93,160.015
6216,2022/03/23,26.9,26.95,26.8,26.9,0.04999999999999716,0.19,63.078
6216,2022/03/22,26.8,26.95,26.75,26.85,0.05000000000000071,0.19,41.259
6216,2022/03/21,26.7,26.8,26.7,26.8,0.15000000000000213,0.56,40.46
6216,2022/03/18,26.65,26.75,26.55,26.65,-0.05000000000000071,-0.19,46.224
6216,2022/03/17,26.95,26.95,26.6,26.7,0.1999999999999993,0.75,77.822
6216,2022/03/16,26.7,26.7,26.4,26.5,-0.14999999999999858,-0.56,110.207
6216,2022/03/15,26.85,26.85,26.55,26.65,-0.3000000000000007,-1.11,84.293
6216,2022/03/14,26.55,27.6,26.5,26.95,0.3999999999999986,1.51,86.104
6216,2022/03/11,26.45,26.65,26.45,26.55,0.10000000000000142,0.38,70.407
6216,2022/03/10,26.45,26.45,26.25,26.45,0.3000000000000007,1.15,105.278
6216,2022/03/09,26.05,26.25,26.05,26.15,0.14999999999999858,0.58,99.482
6216,2022/03/08,26.05,26.25,26,26,-0.3000000000000007,-1.14,258.909
6216,2022/03/07,26.5,26.6,26.2,26.3,-0.3000000000000007,-1.13,141.16
6216,2022/03/04,26.7,26.75,26.5,26.6,-0.14999999999999858,-0.56,104.72
6216,2022/03/03,26.9,26.9,26.75,26.75,-0.05000000000000071,-0.19,31.814
6216,2022/03/02,26.75,26.8,26.55,26.8,0.05000000000000071,0.19,83.429
6216,2022/03/01,27.05,27.05,26.6,26.75,0.05000000000000071,0.19,66.328
6216,2022/02/25,26.45,26.7,26.2,26.7,0.34999999999999787,1.33,99.21
6216,2022/02/24,26.5,26.5,26.25,26.35,-0.29999999999999716,-1.13,215.271
6216,2022/02/23,26.65,26.7,26.6,26.65,0,0.00,107.263
6216,2022/02/22,26.75,26.85,26.5,26.65,-0.3000000000000007,-1.11,202.65
6216,2022/02/21,27.1,27.1,26.7,26.95,-0.15000000000000213,-0.55,83.569
6216,2022/02/18,27,27.2,26.95,27.1,0.15000000000000213,0.56,89.183
6216,2022/02/17,27,27.15,26.95,26.95,0.05000000000000071,0.19,55.432
6216,2022/02/16,26.9,27,26.9,26.9,0.09999999999999787,0.37,51.399
6216,2022/02/15,26.75,26.9,26.75,26.8,0.05000000000000071,0.19,45.04
6216,2022/02/14,26.95,26.95,26.6,26.75,-0.3000000000000007,-1.11,118.432
6216,2022/02/11,26.85,27.05,26.85,27.05,0.10000000000000142,0.37,66.658
6216,2022/02/10,26.95,27,26.9,26.95,0.05000000000000071,0.19,43.042
6216,2022/02/09,27,27.1,26.85,26.9,-0.10000000000000142,-0.37,73.619
6216,2022/02/08,26.95,27,26.7,27,0.3999999999999986,1.50,61.529
6216,2022/02/07,26.3,26.6,26.3,26.6,0.3000000000000007,1.14,73.719
6216,2022/01/26,26.3,26.45,26.25,26.3,-0.05000000000000071,-0.19,119.741
6216,2022/01/25,26.15,26.55,26.15,26.35,-0.29999999999999716,-1.13,166.902
6216,2022/01/24,26.8,26.8,26.15,26.65,-0.25,-0.93,216.013
6216,2022/01/21,27,27.1,26.9,26.9,-0.25,-0.92,213.409
6216,2022/01/20,27.1,27.35,27.05,27.15,0,0.00,93.343
6216,2022/01/19,27.5,27.5,27.1,27.15,-0.10000000000000142,-0.37,106.904
6216,2022/01/18,27.8,27.9,27.25,27.25,-0.3500000000000014,-1.27,208.609
6216,2022/01/17,27,27.65,27,27.6,0.6000000000000014,2.22,173.252
6216,2022/01/14,27.15,27.15,26.9,27,-0.1999999999999993,-0.74,146.119
6216,2022/01/13,27.1,27.4,27.05,27.2,0.05000000000000071,0.18,99.581
6216,2022/01/12,27.05,27.3,27.05,27.15,0.09999999999999787,0.37,130.442
6216,2022/01/11,27.1,27.3,27,27.05,0.05000000000000071,0.19,153.558
6216,2022/01/10,26.9,27.1,26.85,27,-0.10000000000000142,-0.37,132.948
6216,2022/01/07,27.45,27.45,26.9,27.1,-0.34999999999999787,-1.28,363.826
6216,2022/01/06,27.5,27.5,27.15,27.45,-0.05000000000000071,-0.18,128.294
6216,2022/01/05,27.7,27.8,27.5,27.5,-0.1999999999999993,-0.72,155.911
6216,2022/01/04,28,28,27.65,27.7,-0.10000000000000142,-0.36,190.208
6216,2022/01/03,27.95,28.3,27.7,27.8,0,0.00,234.08
6216,2021/12/30,28,28,27.65,27.8,-0.05000000000000071,-0.18,137.45
6216,2021/12/29,27.6,27.85,27.6,27.85,0.3000000000000007,1.09,197.459
6216,2021/12/28,28,28,27.5,27.55,-0.4499999999999993,-1.61,233.531
6216,2021/12/27,27.55,28.15,27.45,28,0.4499999999999993,1.63,333.211
6216,2021/12/24,27.8,27.8,27.3,27.55,0.05000000000000071,0.18,133.771
6216,2021/12/23,27.8,27.8,27.5,27.5,-0.3500000000000014,-1.26,233.536
6216,2021/12/22,28,28.4,27.65,27.85,0,0.00,405.018
6216,2021/12/21,26.8,28,26.8,27.85,1.0500000000000007,3.92,637.887
6216,2021/12/20,26.8,26.9,26.75,26.8,-0.25,-0.92,167.215
6216,2021/12/17,27.15,27.15,26.95,27.05,-0.14999999999999858,-0.55,116.364
6216,2021/12/16,26.9,27.3,26.9,27.2,0.3000000000000007,1.12,166.286
6216,2021/12/15,27,27,26.7,26.9,-0.10000000000000142,-0.37,124.24
6216,2021/12/14,27.55,27.6,26.9,27,-0.14999999999999858,-0.55,212.305
6216,2021/12/13,27.1,27.2,26.8,27.15,0.09999999999999787,0.37,134.213
6216,2021/12/10,27.05,27.05,26.85,27.05,0.1999999999999993,0.74,111.839
6216,2021/12/09,26.8,27.2,26.8,26.85,0.15000000000000213,0.56,131.559
6216,2021/12/08,27.1,27.15,26.7,26.7,-0.05000000000000071,-0.19,139.302
6216,2021/12/07,26.75,27.1,26.75,26.75,0.1999999999999993,0.75,153.059
6216,2021/12/06,26.35,26.55,26.15,26.55,0.1999999999999993,0.76,138.673
6216,2021/12/03,26.3,26.6,26.2,26.35,0.10000000000000142,0.38,293.391
6216,2021/12/02,26.6,26.7,26.25,26.25,-0.5500000000000007,-2.05,238.015
6216,2021/12/01,26.6,26.85,26.5,26.8,-0.05000000000000071,-0.19,236.13
6216,2021/11/30,26.7,26.9,26.55,26.85,0.3500000000000014,1.32,178.026
6216,2021/11/29,26.45,26.7,26.1,26.5,-0.14999999999999858,-0.56,183.176
6216,2021/11/26,27.3,27.3,26.65,26.65,-0.6500000000000021,-2.38,416.825
6216,2021/11/25,27.4,27.75,27.2,27.3,-0.05000000000000071,-0.18,185.4
6216,2021/11/24,26.9,27.6,26.9,27.35,0.40000000000000213,1.48,265.228
6216,2021/11/23,27.55,27.6,26.95,26.95,-0.6500000000000021,-2.36,660.828
6216,2021/11/22,27.95,27.95,27.45,27.6,-0.25,-0.90,469.155
6216,2021/11/19,28.15,28.45,27.8,27.85,-0.25,-0.89,517.167
6216,2021/11/18,28.6,28.6,28.05,28.1,-0.3999999999999986,-1.40,524.809
6216,2021/11/17,29,29.1,28.15,28.5,-0.1999999999999993,-0.70,763.293
6216,2021/11/16,27.9,29.2,27.9,28.7,1.3499999999999979,4.94,1637.639
6216,2021/11/15,27.6,27.9,27.35,27.35,-0.25,-0.91,405.572
6216,2021/11/12,27.85,28.4,27.45,27.6,-0.14999999999999858,-0.54,558.469
6216,2021/11/11,27.95,28.6,27.7,27.75,0.10000000000000142,0.36,874.645
6216,2021/11/10,27.35,27.9,27.35,27.65,0.04999999999999716,0.18,450.258
6216,2021/11/09,28.15,28.15,27.4,27.6,-0.3999999999999986,-1.43,598.141
6216,2021/11/08,29,29,28,28,-0.8000000000000007,-2.78,903.092
6216,2021/11/05,28,29,28,28.8,1,3.60,1733.549
6216,2021/11/04,27.8,28.5,27.65,27.8,0.05000000000000071,0.18,757.571
6216,2021/11/03,27.9,28.8,27.7,27.75,0.3500000000000014,1.28,1143.596
6216,2021/11/02,27.6,28.3,27.25,27.4,-0.20000000000000284,-0.72,1121.089
6216,2021/11/01,28.5,28.85,27.25,27.6,-0.5999999999999979,-2.13,2421.108
6216,2021/10/29,29.5,29.5,27.95,28.2,-1.3000000000000007,-4.41,3848.4
6216,2021/10/28,33.55,33.55,29.5,29.5,-1,-3.28,12685.852
6216,2021/10/27,30.5,30.5,30,30.5,2.75,9.91,3117.645
6216,2021/10/26,25.25,27.75,25.25,27.75,2.5,9.90,2327.831
6216,2021/10/25,24.8,25.25,24.8,25.25,0.3999999999999986,1.61,202.697
6216,2021/10/22,24.95,24.95,24.8,24.85,-0.09999999999999787,-0.40,31.309
6216,2021/10/21,24.95,25,24.9,24.95,-0.10000000000000142,-0.40,37.2
6216,2021/10/20,24.85,25.05,24.85,25.05,0.10000000000000142,0.40,56.736
6216,2021/10/19,24.75,24.95,24.75,24.95,0.14999999999999858,0.60,82.829
6216,2021/10/18,24.8,24.8,24.7,24.8,0.10000000000000142,0.40,48.149
6216,2021/10/15,24.65,24.8,24.65,24.7,0.05000000000000071,0.20,66.002
6216,2021/10/14,24.65,24.65,24.55,24.65,0,0.00,68.187
6216,2021/10/13,24.5,24.65,24.5,24.65,0.14999999999999858,0.61,38.503
6216,2021/10/12,24.55,24.6,24.5,24.5,0,0.00,46.205
6216,2021/10/08,24.5,24.55,24.5,24.5,0.05000000000000071,0.20,40.055
6216,2021/10/07,24.4,24.55,24.4,24.45,0.05000000000000071,0.20,43.043
6216,2021/10/06,24.5,24.5,24.35,24.4,-0.05000000000000071,-0.20,47.612
6216,2021/10/05,24.4,24.45,24.25,24.45,0,0.00,71.102
6216,2021/10/04,24.5,24.5,24.3,24.45,0,0.00,107.348
6216,2021/10/01,24.55,24.6,24.4,24.45,-0.15000000000000213,-0.61,183.246
6216,2021/09/30,24.6,24.8,24.6,24.6,0,0.00,81.702
6216,2021/09/29,24.7,24.7,24.6,24.6,-0.14999999999999858,-0.61,123.241
6216,2021/09/28,24.85,24.85,24.7,24.75,-0.10000000000000142,-0.40,55.168
6216,2021/09/27,24.8,24.9,24.8,24.85,0.05000000000000071,0.20,71.103
6216,2021/09/24,24.75,24.8,24.6,24.8,0.10000000000000142,0.40,64.421
6216,2021/09/23,24.7,24.8,24.7,24.7,0.09999999999999787,0.41,50.232
6216,2021/09/22,24.7,24.7,24.5,24.6,-0.14999999999999858,-0.61,88.981
6216,2021/09/17,24.7,24.85,24.7,24.75,0,0.00,64.566
6216,2021/09/16,24.8,24.8,24.75,24.75,-0.05000000000000071,-0.20,74.003
6216,2021/09/15,24.8,24.8,24.75,24.8,-0.05000000000000071,-0.20,80.346
6216,2021/09/14,24.85,24.85,24.8,24.85,0,0.00,62.381
6216,2021/09/13,24.9,24.9,24.75,24.85,-0.09999999999999787,-0.40,45.545
6216,2021/09/10,24.95,25,24.9,24.95,0.14999999999999858,0.60,45.306
6216,2021/09/09,24.75,24.9,24.7,24.8,0,0.00,59.318
6216,2021/09/08,24.85,24.9,24.75,24.8,0,0.00,88.585
6216,2021/09/07,24.85,24.9,24.8,24.8,-0.05000000000000071,-0.20,63.814
6216,2021/09/06,25.1,25.1,24.85,24.85,-0.14999999999999858,-0.60,73.431
6216,2021/09/03,24.8,25,24.8,25,0.10000000000000142,0.40,49.397
6216,2021/09/02,25,25,24.9,24.9,-0.25,-0.99,47.199
6216,2021/09/01,25,25.15,24.9,25.15,0.1999999999999993,0.80,50.303
6216,2021/08/31,25.2,25.2,24.9,24.95,-0.25,-0.99,112.132
6216,2021/08/30,25,25.2,25,25.2,0.3000000000000007,1.20,137.661
6216,2021/08/27,24.65,25,24.65,24.9,-1.2000000000000028,-4.60,293.769
6216,2021/08/26,26,26.2,25.95,26.1,0.10000000000000142,0.38,376.568
6216,2021/08/25,25.9,26,25.8,26,0.10000000000000142,0.39,106.458
6216,2021/08/24,25.85,25.9,25.6,25.9,0.04999999999999716,0.19,63.906
6216,2021/08/23,25.7,25.85,25.7,25.85,0.25,0.98,97.115
6216,2021/08/20,25.8,25.8,25.55,25.6,-0.04999999999999716,-0.19,48.758
6216,2021/08/19,25.75,25.85,25.65,25.65,-0.10000000000000142,-0.39,39.499
6216,2021/08/18,25.5,25.75,25.45,25.75,0.14999999999999858,0.59,67
6216,2021/08/17,25.6,25.8,25.55,25.6,-0.04999999999999716,-0.19,82.001
6216,2021/08/16,25.9,25.9,25.45,25.65,-0.25,-0.97,154.233
6216,2021/08/13,26,26,25.85,25.9,-0.10000000000000142,-0.38,91.887
6216,2021/08/12,25.9,26,25.85,26,0.14999999999999858,0.58,103.337
6216,2021/08/11,26,26,25.75,25.85,0,0.00,164.565
6216,2021/08/10,25.95,26,25.85,25.85,-0.09999999999999787,-0.39,60.333
6216,2021/08/09,26,26,25.8,25.95,-0.05000000000000071,-0.19,64.268
6216,2021/08/06,25.9,26.1,25.9,26,0.14999999999999858,0.58,153.399
6216,2021/08/05,25.85,25.9,25.8,25.85,-0.04999999999999716,-0.19,57.164
6216,2021/08/04,25.75,25.9,25.75,25.9,0,0.00,71.076
6216,2021/08/03,25.9,25.95,25.9,25.9,0,0.00,81.005
6216,2021/08/02,25.85,25.95,25.8,25.9,0.04999999999999716,0.19,46.429
6216,2021/07/30,25.9,25.95,25.85,25.85,0.05000000000000071,0.19,73.093
6216,2021/07/29,25.7,25.8,25.65,25.8,0.15000000000000213,0.58,37.927
6216,2021/07/28,25.9,25.9,25.6,25.65,-0.15000000000000213,-0.58,93.001
6216,2021/07/27,25.85,25.95,25.8,25.8,-0.09999999999999787,-0.39,48.182
6216,2021/07/26,25.9,25.95,25.75,25.9,0.09999999999999787,0.39,120.37
6216,2021/07/23,25.9,25.9,25.8,25.8,-0.09999999999999787,-0.39,60.289
6216,2021/07/22,25.95,26.1,25.8,25.9,0,0.00,93.849
6216,2021/07/21,25.9,25.9,25.8,25.9,0,0.00,79.025
6216,2021/07/20,25.95,26,25.8,25.9,-0.05000000000000071,-0.19,53.457
6216,2021/07/19,25.95,26.1,25.95,25.95,0,0.00,101.855
6216,2021/07/16,26,26.1,25.85,25.95,-0.05000000000000071,-0.19,66.751
6216,2021/07/15,26,26,25.9,26,0.10000000000000142,0.39,70.249
6216,2021/07/14,25.95,25.95,25.85,25.9,-0.05000000000000071,-0.19,119.006
6216,2021/07/13,25.9,25.95,25.8,25.95,0.09999999999999787,0.39,96.253
6216,2021/07/12,25.85,25.95,25.8,25.85,0,0.00,104.555
6216,2021/07/09,25.9,25.9,25.75,25.85,-0.04999999999999716,-0.19,114.874
6216,2021/07/08,26,26,25.9,25.9,-0.05000000000000071,-0.19,74.76
6216,2021/07/07,26,26,25.85,25.95,0.09999999999999787,0.39,111.044
6216,2021/07/06,26.4,26.4,25.8,25.85,-0.14999999999999858,-0.58,131.027
6216,2021/07/05,25.5,26.15,25.5,26,0.3999999999999986,1.56,249.07
6216,2021/07/02,25.5,25.65,25.5,25.6,0.20000000000000284,0.79,43.287
6216,2021/07/01,25.5,25.55,25.4,25.4,-0.10000000000000142,-0.39,82.077
6216,2021/06/30,25.5,25.55,25.45,25.5,0,0.00,60.327
6216,2021/06/29,25.6,25.6,25.45,25.5,-0.10000000000000142,-0.39,51.393
6216,2021/06/28,25.6,25.6,25.5,25.6,0,0.00,78.658
6216,2021/06/25,25.5,25.6,25.4,25.6,0.10000000000000142,0.39,92.444
6216,2021/06/24,25.4,25.5,25.35,25.5,0.14999999999999858,0.59,52.451
6216,2021/06/23,25.35,25.35,25.25,25.35,0.10000000000000142,0.40,65.533
6216,2021/06/22,25.25,25.25,25.2,25.25,-0.10000000000000142,-0.39,45.266
6216,2021/06/21,25.45,25.45,25.2,25.35,-0.09999999999999787,-0.39,55.625
6216,2021/06/18,25.35,25.5,25.35,25.45,0.09999999999999787,0.39,42.123
6216,2021/06/17,25.3,25.35,25.2,25.35,0.05000000000000071,0.20,75.151
6216,2021/06/16,25.2,25.35,25.2,25.3,0,0.00,26.102
6216,2021/06/15,25.25,25.4,25.15,25.3,0.05000000000000071,0.20,48.513
6216,2021/06/11,25.2,25.4,25.2,25.25,0.05000000000000071,0.20,78.171
6216,2021/06/10,25.45,25.45,25.2,25.2,-0.05000000000000071,-0.20,34.351
6216,2021/06/09,25.5,25.55,25.2,25.25,-0.25,-0.98,25.325
6216,2021/06/08,25.3,25.8,25.25,25.5,0.25,0.99,20.249
6216,2021/06/07,25.45,25.5,25.15,25.25,0.10000000000000142,0.40,96.023
6216,2021/06/04,25.25,25.25,25.05,25.15,-0.15000000000000213,-0.59,63.279
6216,2021/06/03,25.45,25.45,25.3,25.3,-0.05000000000000071,-0.20,38.2
6216,2021/06/02,25.2,25.35,25.15,25.35,0.15000000000000213,0.60,83.552
6216,2021/06/01,25.1,25.2,25.1,25.2,0.09999999999999787,0.40,32.036
6216,2021/05/31,25.1,25.2,25.1,25.1,0,0.00,64.709
6216,2021/05/28,25.1,25.15,25.05,25.1,0,0.00,117.198
6216,2021/05/27,25.1,25.25,25.1,25.1,-0.09999999999999787,-0.40,54.596
6216,2021/05/26,25.2,25.2,25.05,25.2,0,0.00,95.013
6216,2021/05/25,25,25.2,25,25.2,0.1999999999999993,0.80,50.199
6216,2021/05/24,25.2,25.2,24.85,25,-0.14999999999999858,-0.60,76.746
6216,2021/05/21,24.85,25.2,24.85,25.15,0.29999999999999716,1.21,142.487
6216,2021/05/20,24.9,25.1,24.85,24.85,0,0.00,97.101
6216,2021/05/19,25,25,24.8,24.85,-0.04999999999999716,-0.20,73.894
6216,2021/05/18,24.2,25.15,24.2,24.9,0.6999999999999993,2.89,171.488
6216,2021/05/17,24.8,24.85,23.95,24.2,-0.8500000000000014,-3.39,305.077
6216,2021/05/14,25.4,25.4,25,25.05,0.05000000000000071,0.20,132.585
6216,2021/05/13,24.8,25.1,24.55,25,0.05000000000000071,0.20,182.074
6216,2021/05/12,25.7,25.7,24.7,24.95,-0.75,-2.92,355.892
6216,2021/05/11,25.8,25.95,25.5,25.7,-0.3000000000000007,-1.15,255.886
6216,2021/05/10,25.95,26.05,25.9,26,0.05000000000000071,0.19,103.567
6216,2021/05/07,25.8,26.05,25.8,25.95,0.09999999999999787,0.39,83.95
6216,2021/05/06,26,26.1,25.8,25.85,0,0.00,135.804
6216,2021/05/05,25.65,25.9,25.6,25.85,0.05000000000000071,0.19,64.773
6216,2021/05/04,25.8,25.9,25.4,25.8,0,0.00,281.303
6216,2021/05/03,26.1,26.1,25.75,25.8,-0.3999999999999986,-1.53,297.477
6216,2021/04/29,26.5,26.55,26.2,26.2,-0.15000000000000213,-0.57,318.19
6216,2021/04/28,26.1,26.35,26.1,26.35,0.25,0.96,267.941
6216,2021/04/27,26.1,26.15,26.05,26.1,0,0.00,164.541
6216,2021/04/26,26.05,26.2,26,26.1,0.10000000000000142,0.38,215.387
6216,2021/04/23,26.1,26.2,26,26,-0.05000000000000071,-0.19,256.123
6216,2021/04/22,26.15,26.2,26,26.05,0.05000000000000071,0.19,278.346
6216,2021/04/21,26,26.15,26,26,0,0.00,278.574
6216,2021/04/20,25.95,26.05,25.8,26,0.05000000000000071,0.19,183.015
6216,2021/04/19,25.9,26,25.9,25.95,0.09999999999999787,0.39,227.618
6216,2021/04/16,25.9,25.9,25.7,25.85,-0.04999999999999716,-0.19,191.441
6216,2021/04/15,25.9,26,25.9,25.9,0,0.00,113.277
6216,2021/04/14,26.15,26.2,25.85,25.9,-0.3000000000000007,-1.15,185.931
6216,2021/04/13,26.25,26.3,26.15,26.2,-0.05000000000000071,-0.19,166.472
6216,2021/04/12,26.25,26.35,26.2,26.25,0,0.00,217.841
6216,2021/04/09,26.4,26.4,26.2,26.25,-0.10000000000000142,-0.38,209.408
6216,2021/04/08,26.35,26.45,26.3,26.35,0,0.00,242.589
6216,2021/04/07,26.4,26.45,26.25,26.35,-0.04999999999999716,-0.19,112.334
6216,2021/04/06,26.3,26.4,26.15,26.4,0.29999999999999716,1.15,221.077
6216,2021/04/01,26,26.1,25.95,26.1,0.20000000000000284,0.77,299.532
6216,2021/03/31,25.9,25.95,25.85,25.9,-0.05000000000000071,-0.19,118.038
6216,2021/03/30,26,26,25.85,25.95,0,0.00,85.293
6216,2021/03/29,26.05,26.05,25.85,25.95,0.14999999999999858,0.58,122.424
6216,2021/03/26,25.65,25.85,25.65,25.8,0.15000000000000213,0.58,229.804
6216,2021/03/25,25.7,25.75,25.65,25.65,0,0.00,62.036
6216,2021/03/24,25.65,25.75,25.6,25.65,0,0.00,72.839
6216,2021/03/23,25.75,25.75,25.6,25.65,-0.05000000000000071,-0.19,67.5
6216,2021/03/22,25.6,25.9,25.6,25.7,0.09999999999999787,0.39,150.368
6216,2021/03/19,25.7,25.75,25.6,25.6,-0.09999999999999787,-0.39,135.944
6216,2021/03/18,25.7,25.7,25.6,25.7,0,0.00,67.248
6216,2021/03/17,25.8,25.8,25.55,25.7,0.05000000000000071,0.19,136.582
6216,2021/03/16,25.6,25.65,25.5,25.65,0.09999999999999787,0.39,51.507
6216,2021/03/15,25.4,25.55,25.3,25.55,0.15000000000000213,0.59,116.217
6216,2021/03/12,25.45,25.5,25.4,25.4,-0.05000000000000071,-0.20,65.485
6216,2021/03/11,25.5,25.5,25.4,25.45,-0.05000000000000071,-0.20,98.685
6216,2021/03/10,25.35,25.55,25.35,25.5,-0.05000000000000071,-0.20,95.049
6216,2021/03/09,25.6,25.6,25.5,25.55,-0.05000000000000071,-0.20,42.081
6216,2021/03/08,25.85,25.95,25.6,25.6,0,0.00,43.373
6216,2021/03/05,25.55,25.6,25.5,25.6,-0.09999999999999787,-0.39,63.623
6216,2021/03/04,25.75,25.85,25.65,25.7,-0.10000000000000142,-0.39,54.563
6216,2021/03/03,25.8,25.85,25.75,25.8,0,0.00,49.592
6216,2021/03/02,25.95,26,25.7,25.8,0.05000000000000071,0.19,76.785
6216,2021/02/26,25.8,25.85,25.5,25.75,-0.05000000000000071,-0.19,123.62
6216,2021/02/25,25.65,25.9,25.6,25.8,0.05000000000000071,0.19,126.554
6216,2021/02/24,25.75,25.8,25.6,25.75,0.05000000000000071,0.19,97.974
6216,2021/02/23,25.45,25.8,25.4,25.7,0.25,0.98,128.686
6216,2021/02/22,25.15,25.45,25.1,25.45,0.1999999999999993,0.79,99.118
6216,2021/02/19,25.25,25.3,25.1,25.25,0,0.00,79.586
6216,2021/02/18,25,25.25,24.95,25.25,0.3500000000000014,1.41,71.6
6216,2021/02/17,25,25,24.9,24.9,0.3999999999999986,1.63,55.903
6216,2021/02/05,24.65,24.65,24.45,24.5,-0.14999999999999858,-0.61,116.627
6216,2021/02/04,24.7,24.7,24.6,24.65,-0.10000000000000142,-0.40,53.515
6216,2021/02/03,24.65,24.8,24.65,24.75,0.05000000000000071,0.20,21.259
6216,2021/02/02,24.55,25,24.55,24.7,0.14999999999999858,0.61,69.284
6216,2021/02/01,24.95,24.95,24.5,24.55,-0.3999999999999986,-1.60,131.261
6216,2021/01/29,25,25.1,24.95,24.95,-0.05000000000000071,-0.20,69.015
6216,2021/01/28,25.05,25.05,25,25,-0.05000000000000071,-0.20,58.128
6216,2021/01/27,25.05,25.1,25.05,25.05,0,0.00,21.686
6216,2021/01/26,25.1,25.1,25,25.05,-0.05000000000000071,-0.20,69.989
6216,2021/01/25,25.05,25.1,25,25.1,0.05000000000000071,0.20,33.656
6216,2021/01/22,25.1,25.1,25,25.05,-0.05000000000000071,-0.20,72.456
6216,2021/01/21,25.25,25.25,25,25.1,0.10000000000000142,0.40,69.989
6216,2021/01/20,25.2,25.3,25,25,-0.25,-0.99,362.92
6216,2021/01/19,25.1,25.25,25.1,25.25,0.10000000000000142,0.40,77.915
6216,2021/01/18,25.2,25.2,25.1,25.15,-0.10000000000000142,-0.40,87.249
6216,2021/01/15,25.35,25.35,25.15,25.25,-0.10000000000000142,-0.39,139.821
6216,2021/01/14,25.3,25.45,25.3,25.35,0.05000000000000071,0.20,93.854
6216,2021/01/13,25.3,25.7,25.25,25.3,-0.05000000000000071,-0.20,174.004
6216,2021/01/12,25.45,25.6,25.3,25.35,-0.1999999999999993,-0.78,263.1
6216,2021/01/11,25.8,25.8,25.55,25.55,-0.3000000000000007,-1.16,162.352
6216,2021/01/08,25.65,26.2,25.6,25.85,0.20000000000000284,0.78,161.493
6216,2021/01/07,25.65,25.8,25.6,25.65,0,0.00,59.077
6216,2021/01/06,25.95,25.95,25.65,25.65,-0.25,-0.97,144.447
6216,2021/01/05,26,26,25.9,25.9,-0.10000000000000142,-0.38,55.372
6216,2021/01/04,26,26.05,25.95,26,0,0.00,65.327
6216,2020/12/31,26.1,26.1,26,26,-0.10000000000000142,-0.38,63.211
6216,2020/12/30,26.2,26.2,26,26.1,0,0.00,98.143
6216,2020/12/29,26.15,26.15,26,26.1,0.20000000000000284,0.77,96.81
6216,2020/12/28,25.85,26.1,25.85,25.9,0.04999999999999716,0.19,116.268
6216,2020/12/25,25.75,25.85,25.75,25.85,0.05000000000000071,0.19,52.606
6216,2020/12/24,25.6,25.8,25.6,25.8,0.15000000000000213,0.58,47.056
6216,2020/12/23,25.7,25.75,25.6,25.65,-0.15000000000000213,-0.58,61.192
6216,2020/12/22,25.8,25.8,25.7,25.8,0,0.00,27.003
6216,2020/12/21,25.65,25.85,25.55,25.8,0.15000000000000213,0.58,73.069
6216,2020/12/18,25.65,25.7,25.55,25.65,-0.05000000000000071,-0.19,50.059
6216,2020/12/17,25.8,25.8,25.55,25.7,-0.15000000000000213,-0.58,48.308
6216,2020/12/16,25.75,25.9,25.7,25.85,0.10000000000000142,0.39,84.664
6216,2020/12/15,26.2,26.4,25.7,25.75,0,0.00,239.459
6216,2020/12/14,25.75,25.75,25.7,25.75,0,0.00,73.861
6216,2020/12/11,25.9,25.9,25.65,25.75,-0.10000000000000142,-0.39,83.274
6216,2020/12/10,26.1,26.2,25.8,25.85,-0.14999999999999858,-0.58,83.002
6216,2020/12/09,26.3,26.3,25.95,26,-0.10000000000000142,-0.38,79.053
6216,2020/12/08,25.95,26.45,25.95,26.1,0.25,0.97,67.397
6216,2020/12/07,26,26,25.75,25.85,0,0.00,134.293
6216,2020/12/04,26,26,25.8,25.85,-0.09999999999999787,-0.39,96.572
6216,2020/12/03,26.15,26.15,25.8,25.95,-0.1999999999999993,-0.76,133.117
6216,2020/12/02,26.3,26.3,26,26.15,-0.10000000000000142,-0.38,102.843
6216,2020/12/01,26.75,26.8,25.95,26.25,-0.5500000000000007,-2.05,239.982
6216,2020/11/30,26,28.05,26,26.8,1.3000000000000007,5.10,2171.069
6216,2020/11/27,25.3,25.5,25.3,25.5,0.1999999999999993,0.79,116.012
6216,2020/11/26,25.2,25.3,25.2,25.3,0.10000000000000142,0.40,64.249
6216,2020/11/25,25.2,25.25,25.15,25.2,0.05000000000000071,0.20,86.121
6216,2020/11/24,25.15,25.2,25.1,25.15,0,0.00,46.006
6216,2020/11/23,25.15,25.25,25.1,25.15,0,0.00,81.848
6216,2020/11/20,25.2,25.25,25.15,25.15,-0.05000000000000071,-0.20,54.432
6216,2020/11/19,25.2,25.25,25.1,25.2,0.05000000000000071,0.20,61.514
6216,2020/11/18,25.15,25.2,25.05,25.15,-0.10000000000000142,-0.40,124.202
6216,2020/11/17,25.15,25.25,25.1,25.25,0,0.00,77.709
6216,2020/11/16,25.2,25.25,25.05,25.25,0.05000000000000071,0.20,103.326
6216,2020/11/13,25.1,25.2,25.05,25.2,0.05000000000000071,0.20,24
6216,2020/11/12,25.2,25.3,25,25.15,-0.10000000000000142,-0.40,81.486
6216,2020/11/11,25.35,25.35,25.1,25.25,-0.05000000000000071,-0.20,77.428
6216,2020/11/10,25.35,25.35,25.1,25.3,0,0.00,47.002
6216,2020/11/09,25.2,25.3,25.15,25.3,0.05000000000000071,0.20,17.183
6216,2020/11/06,25.3,25.3,25.2,25.25,0,0.00,16.002
6216,2020/11/05,25.1,25.25,25.1,25.25,0.14999999999999858,0.60,15.206
6216,2020/11/04,25.1,25.25,25,25.1,0.05000000000000071,0.20,33.001
6216,2020/11/03,25,25.15,25,25.05,0.05000000000000071,0.20,59.399
6216,2020/11/02,25.05,25.2,25,25,-0.05000000000000071,-0.20,66.401
6216,2020/10/30,25.3,25.3,25,25.05,-0.25,-0.99,47.53
6216,2020/10/29,25.25,25.3,25.2,25.3,0,0.00,61.5
6216,2020/10/28,25.4,25.4,25.25,25.3,-0.05000000000000071,-0.20,64.105
6216,2020/10/27,25.25,25.4,25.25,25.35,0,0.00,22.568
6216,2020/10/26,25.4,25.5,25.25,25.35,-0.14999999999999858,-0.59,75.332
6216,2020/10/23,25.5,25.5,25.4,25.5,0.10000000000000142,0.39,18.268
6216,2020/10/22,25.45,25.45,25.35,25.4,0,0.00,16.002
6216,2020/10/21,25.4,25.5,25.35,25.4,0,0.00,43.502
6216,2020/10/20,25.5,25.5,25.4,25.4,-0.10000000000000142,-0.39,16.001
6216,2020/10/19,25.5,25.5,25.45,25.5,0,0.00,24.373
6216,2020/10/16,25.5,25.55,25.4,25.5,0.05000000000000071,0.20,48
6216,2020/10/15,25.4,25.45,25.25,25.45,0.09999999999999787,0.39,32
6216,2020/10/14,25.3,25.5,25.25,25.35,0.05000000000000071,0.20,26
6216,2020/10/13,25.35,25.35,25.25,25.3,-0.05000000000000071,-0.20,31.1
6216,2020/10/12,25.6,25.6,25.1,25.35,-0.1999999999999993,-0.78,104.005
6216,2020/10/08,25.6,25.6,25.3,25.55,-0.05000000000000071,-0.20,77.17
6216,2020/10/07,25.5,25.65,25.5,25.6,0.10000000000000142,0.39,23.524
6216,2020/10/06,25.4,25.5,25.4,25.5,0.10000000000000142,0.39,32.534
6216,2020/10/05,25.4,25.5,25.3,25.4,0.04999999999999716,0.20,33.7
6216,2020/09/30,25.4,25.4,25.3,25.35,0.05000000000000071,0.20,23.003
6216,2020/09/29,25.2,25.35,25.1,25.3,0.15000000000000213,0.60,79.171
6216,2020/09/28,25.15,25.2,25.1,25.15,0,0.00,60.329
6216,2020/09/25,25.25,25.3,25.1,25.15,-0.20000000000000284,-0.79,84
6216,2020/09/24,25.5,25.5,25.3,25.35,-0.34999999999999787,-1.36,70.073
6216,2020/09/23,25.55,25.7,25.5,25.7,0.14999999999999858,0.59,35.95
6216,2020/09/22,25.7,25.7,25.55,25.55,-0.14999999999999858,-0.58,31.501
6216,2020/09/21,25.75,25.8,25.6,25.7,-0.05000000000000071,-0.19,51.001
6216,2020/09/18,25.65,25.75,25.65,25.75,0.05000000000000071,0.19,38.363
6216,2020/09/17,25.65,25.8,25.65,25.7,0.05000000000000071,0.19,25.002
6216,2020/09/16,25.8,25.8,25.65,25.65,0,0.00,28
6216,2020/09/15,25.55,25.65,25.55,25.65,-0.05000000000000071,-0.19,27.3
6216,2020/09/14,25.7,25.7,25.65,25.7,0,0.00,36.25
6216,2020/09/11,25.8,25.8,25.6,25.7,0,0.00,53.001
6216,2020/09/10,25.8,25.95,25.7,25.7,0,0.00,86.004
6216,2020/09/09,25.8,25.8,25.6,25.7,-0.15000000000000213,-0.58,36.054
6216,2020/09/08,25.5,25.95,25.5,25.85,0.3500000000000014,1.37,73.003
6216,2020/09/07,25.65,25.65,25.5,25.5,-0.14999999999999858,-0.58,82.4
6216,2020/09/04,25.6,25.75,25.5,25.65,-0.05000000000000071,-0.19,57.372
6216,2020/09/03,25.75,25.75,25.55,25.7,-0.05000000000000071,-0.19,101.602
6216,2020/09/02,25.7,25.75,25.65,25.75,0.10000000000000142,0.39,56.003
6216,2020/09/01,25.8,25.8,25.55,25.65,-0.15000000000000213,-0.58,94.455
6216,2020/08/31,25.9,25.9,25.75,25.8,-0.05000000000000071,-0.19,117.088
6216,2020/08/28,25.9,25.95,25.8,25.85,-0.04999999999999716,-0.19,57.046
6216,2020/08/27,26.15,26.15,25.8,25.9,-0.10000000000000142,-0.38,213.001
6216,2020/08/26,26,26.1,25.85,26,-1.4499999999999993,-5.28,406.152
6216,2020/08/25,27.4,27.45,27.3,27.45,0.05000000000000071,0.18,354.703
6216,2020/08/24,27.35,27.4,27.25,27.4,0.04999999999999716,0.18,146.305
6216,2020/08/21,27.2,27.4,27.2,27.35,0.15000000000000213,0.55,122.436
6216,2020/08/20,27.3,27.45,27.1,27.2,-0.25,-0.91,219.843
6216,2020/08/19,27.35,27.45,27.3,27.45,0.09999999999999787,0.37,152.256
6216,2020/08/18,27.45,27.45,27.2,27.35,-0.04999999999999716,-0.18,70.022
6216,2020/08/17,27.25,27.5,27.25,27.4,0.14999999999999858,0.55,190.267
6216,2020/08/14,27.05,27.3,27.05,27.25,0.1999999999999993,0.74,90.001
6216,2020/08/13,27.1,27.15,27.05,27.05,-0.09999999999999787,-0.37,153.633
6216,2020/08/12,27.2,27.2,27,27.15,-0.05000000000000071,-0.18,87.352
6216,2020/08/11,27.2,27.2,27,27.2,-0.1999999999999993,-0.73,236.641
6216,2020/08/10,27.55,27.55,27.3,27.4,-0.10000000000000142,-0.36,106.21
6216,2020/08/07,27.35,27.5,27.35,27.5,0.05000000000000071,0.18,40.202
6216,2020/08/06,27.35,27.55,27.35,27.45,0.09999999999999787,0.37,70
6216,2020/08/05,27.3,27.45,27.3,27.35,0.05000000000000071,0.18,61.049
6216,2020/08/04,27.2,27.35,27.2,27.3,0.10000000000000142,0.37,40.517
6216,2020/08/03,27.35,27.35,27.2,27.2,-0.25,-0.91,109.467
6216,2020/07/31,27.4,27.45,27.25,27.45,0,0.00,80.442
6216,2020/07/30,27.3,27.5,27.3,27.45,0.09999999999999787,0.37,31.202
6216,2020/07/29,27.3,27.4,27.3,27.35,0.05000000000000071,0.18,42.951
6216,2020/07/28,27.4,27.4,27.2,27.3,-0.05000000000000071,-0.18,114.1
6216,2020/07/27,27.45,27.55,27.35,27.35,-0.14999999999999858,-0.55,91.951
6216,2020/07/24,27.7,27.7,27.5,27.5,-0.14999999999999858,-0.54,88.799
6216,2020/07/23,27.65,27.75,27.6,27.65,0,0.00,87.467
6216,2020/07/22,27.8,27.8,27.55,27.65,0,0.00,86.839
6216,2020/07/21,27.6,27.8,27.6,27.65,0.04999999999999716,0.18,80.374
6216,2020/07/20,27.6,28,27.45,27.6,0,0.00,131.695
6216,2020/07/17,27.65,27.75,27.6,27.6,-0.09999999999999787,-0.36,106.108
6216,2020/07/16,27.95,27.95,27.65,27.7,0,0.00,62.146
6216,2020/07/15,27.8,27.8,27.65,27.7,-0.15000000000000213,-0.54,54
6216,2020/07/14,27.55,28,27.55,27.85,-0.04999999999999716,-0.18,53.2
6216,2020/07/13,27.95,28,27.8,27.9,-0.05000000000000071,-0.18,74.055
6216,2020/07/10,28.4,28.4,27.85,27.95,-0.3000000000000007,-1.06,197.351
6216,2020/07/09,28.3,28.3,28.15,28.25,0.05000000000000071,0.18,79.1
6216,2020/07/08,28,28.25,28,28.2,0,0.00,94.295
6216,2020/07/07,28.3,28.3,28,28.2,-0.10000000000000142,-0.35,110
6216,2020/07/06,28.3,28.4,28.2,28.3,0.05000000000000071,0.18,163.306
6216,2020/07/03,28.1,28.4,28.1,28.25,0.14999999999999858,0.53,186.761
6216,2020/07/02,28.05,28.15,28.05,28.1,0,0.00,76.836
6216,2020/07/01,28,28.3,28,28.1,0.15000000000000213,0.54,126.571
6216,2020/06/30,27.9,27.95,27.85,27.95,0.05000000000000071,0.18,84.163
6216,2020/06/29,27.8,28.2,27.75,27.9,0.14999999999999858,0.54,147.296
6216,2020/06/24,27.7,27.8,27.65,27.75,0,0.00,45.181
6216,2020/06/23,27.9,28,27.75,27.75,-0.10000000000000142,-0.36,87.5
6216,2020/06/22,27.7,27.95,27.65,27.85,0.15000000000000213,0.54,137.001
6216,2020/06/19,27.75,27.85,27.7,27.7,0.05000000000000071,0.18,49.001
6216,2020/06/18,27.7,27.7,27.6,27.65,-0.05000000000000071,-0.18,44
6216,2020/06/17,27.7,27.75,27.6,27.7,0.05000000000000071,0.18,51.306
6216,2020/06/16,27.6,27.75,27.6,27.65,0.09999999999999787,0.36,80.065
6216,2020/06/15,27.55,27.7,27.3,27.55,0,0.00,57.048
6216,2020/06/12,26.9,27.55,26.9,27.55,0.15000000000000213,0.55,93.171
6216,2020/06/11,27.65,27.8,27.4,27.4,-0.25,-0.90,147.242
6216,2020/06/10,27.8,28,27.6,27.65,-0.15000000000000213,-0.54,102.201
6216,2020/06/09,27.55,27.85,27.55,27.8,0.1999999999999993,0.72,57
6216,2020/06/08,27.8,27.95,27.6,27.6,-0.1999999999999993,-0.72,152.155
6216,2020/06/05,27.55,27.8,27.55,27.8,0.1999999999999993,0.72,71.184
6216,2020/06/04,27.9,27.9,27.4,27.6,-0.1999999999999993,-0.72,252.331
6216,2020/06/03,27.65,27.8,27.65,27.8,0.15000000000000213,0.54,106.002
6216,2020/06/02,27.55,27.75,27.5,27.65,0.14999999999999858,0.55,48.1
6216,2020/06/01,27.35,27.5,27.35,27.5,0.14999999999999858,0.55,62.9
6216,2020/05/29,27.3,27.35,27.3,27.35,0.05000000000000071,0.18,23.609
6216,2020/05/28,27.4,27.5,27.3,27.3,-0.09999999999999787,-0.36,71.105
6216,2020/05/27,27.3,27.45,27.3,27.4,0,0.00,49.12
6216,2020/05/26,27.5,27.5,27.35,27.4,0.04999999999999716,0.18,59.362
6216,2020/05/25,27.4,27.4,27.3,27.35,0.05000000000000071,0.18,36.106
6216,2020/05/22,27.5,27.5,27.3,27.3,-0.1999999999999993,-0.73,91.1
6216,2020/05/21,27.3,27.5,27.3,27.5,0.25,0.92,42.281
6216,2020/05/20,27.3,27.4,27.2,27.25,-0.14999999999999858,-0.55,40.733
6216,2020/05/19,27.4,27.45,27.25,27.4,0.09999999999999787,0.37,77.006
6216,2020/05/18,27.2,27.4,27.2,27.3,0.10000000000000142,0.37,37.066
6216,2020/05/15,27.3,27.3,27.15,27.2,-0.10000000000000142,-0.37,113.532
6216,2020/05/14,27.5,27.5,27.3,27.3,-0.1999999999999993,-0.73,75.001
6216,2020/05/13,27.35,27.7,27.35,27.5,0.05000000000000071,0.18,118.375
6216,2020/05/12,27.5,27.6,27.4,27.45,0,0.00,138.151
6216,2020/05/11,27.35,27.55,27.3,27.45,-0.4499999999999993,-1.61,224.796
6216,2020/05/08,27.65,28,27.65,27.9,0.34999999999999787,1.27,219.57
6216,2020/05/07,27.3,27.65,27.3,27.55,0.15000000000000213,0.55,74.459
6216,2020/05/06,27.45,27.6,27.35,27.4,-0.05000000000000071,-0.18,85.001
6216,2020/05/05,27.65,27.7,27.45,27.45,-0.10000000000000142,-0.36,126.009
6216,2020/05/04,27.5,27.55,27.25,27.55,0,0.00,210.051
6216,2020/04/30,27.5,27.6,27.35,27.55,0.10000000000000142,0.36,176.64
6216,2020/04/29,27.25,27.5,27.15,27.45,0.1999999999999993,0.73,173.382
6216,2020/04/28,27.35,27.35,27.15,27.25,-0.10000000000000142,-0.37,62.701
6216,2020/04/27,27.3,27.35,27.05,27.35,0.3000000000000007,1.11,178.004
6216,2020/04/24,26.85,27.2,26.85,27.05,0.1999999999999993,0.74,110.744
6216,2020/04/23,26.8,27,26.75,26.85,0.25,0.94,83.5
6216,2020/04/22,26.5,26.7,26,26.6,0.05000000000000071,0.19,82.201
6216,2020/04/21,27,27,26.45,26.55,-0.5500000000000007,-2.03,102.256
6216,2020/04/20,27,27.25,26.95,27.1,0.15000000000000213,0.56,152.008
6216,2020/04/17,27,27.3,26.95,26.95,-0.15000000000000213,-0.55,266.54
6216,2020/04/16,26.95,27.1,26.7,27.1,0.10000000000000142,0.37,120.929
6216,2020/04/15,26.85,27,26.8,27,0.25,0.93,132.049
6216,2020/04/14,26.85,27,26.75,26.75,0.10000000000000142,0.38,130.2
6216,2020/04/13,26,27,26,26.65,0.8999999999999986,3.50,221.423
6216,2020/04/10,25.75,25.85,25.7,25.75,0,0.00,53.151
6216,2020/04/09,25.85,25.9,25.7,25.75,-0.10000000000000142,-0.39,100.067
6216,2020/04/08,25.8,25.9,25.5,25.85,0.5,1.97,109.705
6216,2020/04/07,25.75,25.75,25.2,25.35,0.20000000000000284,0.80,124.496
6216,2020/04/06,24.7,25.15,24.6,25.15,0.5499999999999972,2.24,148.642
6216,2020/04/01,24.4,24.75,24.4,24.6,0.20000000000000284,0.82,44.111
6216,2020/03/31,24.25,24.6,24.2,24.4,0.25,1.04,125.087
6216,2020/03/30,23.65,24.15,23.15,24.15,0.5,2.11,144.535
6216,2020/03/27,24.45,24.55,23.6,23.65,0.1999999999999993,0.85,120.022
6216,2020/03/26,23.5,23.5,23.35,23.45,0.05000000000000071,0.21,50.145
6216,2020/03/25,23.85,24,23.35,23.4,0.9499999999999993,4.23,108.07
6216,2020/03/24,22.35,23.6,22.25,22.45,0.5500000000000007,2.51,113
6216,2020/03/23,21,22.05,21,21.9,-0.20000000000000284,-0.90,81.05
6216,2020/03/20,20.6,22.35,20.6,22.1,1.75,8.60,301.1
6216,2020/03/19,22.2,22.2,20.35,20.35,-2.25,-9.96,659.5
6216,2020/03/18,23.2,23.75,22.6,22.6,-1.1499999999999986,-4.84,195.05
6216,2020/03/17,24,24.25,23.75,23.75,-1.25,-5.00,322.403
6216,2020/03/16,25.3,25.3,25,25,-0.3000000000000007,-1.19,192.591
6216,2020/03/13,26.4,26.4,24.9,25.3,-1.3499999999999979,-5.07,558
6216,2020/03/12,27.3,27.3,26.6,26.65,-0.6500000000000021,-2.38,241.077
6216,2020/03/11,27.6,27.65,27.3,27.3,0.3000000000000007,1.11,238.021
6216,2020/03/10,27,27,26.8,27,0,0.00,119.063
6216,2020/03/09,27.1,27.1,27,27,-0.3000000000000007,-1.10,147.013
6216,2020/03/06,27.4,27.4,27.25,27.3,-0.09999999999999787,-0.36,45.129
6216,2020/03/05,27.35,27.45,27.3,27.4,0.04999999999999716,0.18,90.016
6216,2020/03/04,27.35,27.35,27.25,27.35,0,0.00,32.635
6216,2020/03/03,27.3,27.35,27.25,27.35,0.15000000000000213,0.55,50.317
6216,2020/03/02,27.2,27.2,27,27.2,-0.10000000000000142,-0.37,145.001
6216,2020/02/27,27.35,27.5,27.3,27.3,-0.09999999999999787,-0.36,135.001
6216,2020/02/26,27.4,27.4,27.35,27.4,0,0.00,62.15
6216,2020/02/25,27.45,27.45,27.35,27.4,-0.10000000000000142,-0.36,101.634
6216,2020/02/24,27.65,27.65,27.45,27.5,-0.14999999999999858,-0.54,159.251
6216,2020/02/21,27.65,27.65,27.6,27.65,-0.05000000000000071,-0.18,42.085
6216,2020/02/20,27.6,27.7,27.6,27.7,0.05000000000000071,0.18,68.413
6216,2020/02/19,27.55,27.7,27.5,27.65,0.09999999999999787,0.36,46.102
6216,2020/02/18,27.5,27.55,27.45,27.55,0,0.00,36.1
6216,2020/02/17,27.6,27.65,27.5,27.55,0,0.00,34.031
6216,2020/02/14,27.55,27.55,27.45,27.55,-0.05000000000000071,-0.18,75.025
6216,2020/02/13,27.5,27.6,27.5,27.6,0.10000000000000142,0.36,53.027
6216,2020/02/12,27.55,27.55,27.45,27.5,0.05000000000000071,0.18,55.012
6216,2020/02/11,27.5,27.6,27.3,27.45,-0.05000000000000071,-0.18,214.049
6216,2020/02/10,27.6,27.6,27.45,27.5,-0.14999999999999858,-0.54,133.148
6216,2020/02/07,27.8,27.85,27.65,27.65,-0.20000000000000284,-0.72,87.267
6216,2020/02/06,27.7,27.85,27.7,27.85,0.15000000000000213,0.54,61.03
6216,2020/02/05,27.7,27.75,27.65,27.7,0,0.00,61.27
6216,2020/02/04,27.4,27.75,27.4,27.7,0.3000000000000007,1.09,105.994
6216,2020/02/03,27.4,27.5,27.3,27.4,0,0.00,257.008
6216,2020/01/31,27.4,28,27.4,27.4,0.04999999999999716,0.18,205.002
6216,2020/01/30,27.5,27.6,27.3,27.35,-0.6499999999999986,-2.32,382.005
6216,2020/01/20,28.1,28.15,28,28,-0.10000000000000142,-0.36,72.101
6216,2020/01/17,28.15,28.15,28,28.1,0,0.00,43.296
6216,2020/01/16,28,28.15,28,28.1,0.10000000000000142,0.36,27.068
6216,2020/01/15,28.1,28.15,28,28,-0.10000000000000142,-0.36,43.229
6216,2020/01/14,28,28.1,28,28.1,0.15000000000000213,0.54,22.382
6216,2020/01/13,28,28,27.95,27.95,0,0.00,45.002
6216,2020/01/10,27.8,27.95,27.8,27.95,0.14999999999999858,0.54,41.244
6216,2020/01/09,27.7,27.8,27.7,27.8,0.10000000000000142,0.36,91.878
6216,2020/01/08,27.75,27.8,27.65,27.7,-0.05000000000000071,-0.18,67.5
6216,2020/01/07,27.8,27.9,27.7,27.75,-0.05000000000000071,-0.18,97.5
6216,2020/01/06,28,28,27.75,27.8,-0.1999999999999993,-0.71,130
6216,2020/01/03,28.15,28.2,28,28,-0.14999999999999858,-0.53,37.428
6216,2020/01/02,28.1,28.15,28.05,28.15,0.14999999999999858,0.54,48.131
6216,2019/12/31,28,28.1,27.95,28,0,0.00,88.15
6216,2019/12/30,28.1,28.2,27.95,28,-0.10000000000000142,-0.36,55.203
6216,2019/12/27,28.15,28.2,28.1,28.1,0,0.00,91.368
6216,2019/12/26,28.1,28.15,28.1,28.1,0,0.00,85.1
6216,2019/12/25,28,28.1,27.95,28.1,0.10000000000000142,0.36,137.05
6216,2019/12/24,27.95,28,27.9,28,0.05000000000000071,0.18,89.048
6216,2019/12/23,27.95,28,27.95,27.95,0,0.00,53.777
6216,2019/12/20,27.9,28,27.9,27.95,0.05000000000000071,0.18,75.011
6216,2019/12/19,28,28,27.85,27.9,-0.10000000000000142,-0.36,28.181
6216,2019/12/18,27.95,28,27.8,28,0.05000000000000071,0.18,103.032
6216,2019/12/17,27.95,28,27.9,27.95,-0.05000000000000071,-0.18,126.012
6216,2019/12/16,27.95,28,27.9,28,0.05000000000000071,0.18,64.493
6216,2019/12/13,27.85,27.95,27.8,27.95,0.09999999999999787,0.36,71.485
6216,2019/12/12,27.9,27.95,27.85,27.85,-0.04999999999999716,-0.18,63.001
6216,2019/12/11,27.85,27.95,27.8,27.9,0.04999999999999716,0.18,67.507
6216,2019/12/10,27.85,27.85,27.8,27.85,0.05000000000000071,0.18,42.002
6216,2019/12/09,27.8,27.85,27.8,27.8,0,0.00,37.002
6216,2019/12/06,27.85,27.9,27.8,27.8,-0.05000000000000071,-0.18,64.002
6216,2019/12/05,27.9,27.9,27.85,27.85,-0.04999999999999716,-0.18,53.11
6216,2019/12/04,27.9,27.9,27.8,27.9,0,0.00,27.776
6216,2019/12/03,27.65,27.9,27.65,27.9,0.09999999999999787,0.36,11.356
6216,2019/12/02,27.95,27.95,27.5,27.8,-0.09999999999999787,-0.36,241.004
6216,2019/11/29,27.85,27.95,27.8,27.9,0.04999999999999716,0.18,39.524
6216,2019/11/28,27.9,27.95,27.8,27.85,0,0.00,53.246
6216,2019/11/27,27.8,27.85,27.8,27.85,0,0.00,40.857
6216,2019/11/26,27.8,28,27.8,27.85,0.05000000000000071,0.18,34.003
6216,2019/11/25,27.7,27.8,27.7,27.8,0.10000000000000142,0.36,30.8
6216,2019/11/22,27.75,27.8,27.7,27.7,-0.05000000000000071,-0.18,57.023
6216,2019/11/21,27.75,27.8,27.7,27.75,0,0.00,52.36
6216,2019/11/20,27.7,27.9,27.65,27.75,0,0.00,124.049
6216,2019/11/19,27.85,27.85,27.7,27.75,-0.1999999999999993,-0.72,144
6216,2019/11/18,27.9,27.95,27.6,27.95,0.05000000000000071,0.18,110.065
6216,2019/11/15,27.85,27.9,27.8,27.9,-0.05000000000000071,-0.18,56.403
6216,2019/11/14,28.05,28.05,27.9,27.95,-0.10000000000000142,-0.36,31.15
6216,2019/11/13,27.7,28.05,27.7,28.05,0.25,0.90,123.202
6216,2019/11/12,27.8,27.8,27.75,27.8,0.10000000000000142,0.36,39.05
6216,2019/11/11,27.8,27.8,27.65,27.7,-0.10000000000000142,-0.36,98.07
6216,2019/11/08,27.9,27.9,27.8,27.8,-0.09999999999999787,-0.36,106.993
6216,2019/11/07,28,28,27.9,27.9,-0.10000000000000142,-0.36,48.139
6216,2019/11/06,28,28.05,27.95,28,0,0.00,57.112
6216,2019/11/05,28,28.1,28,28,-0.05000000000000071,-0.18,30.291
6216,2019/11/04,28.15,28.15,28.05,28.05,-0.05000000000000071,-0.18,47.246
6216,2019/11/01,28.2,28.2,28.1,28.1,0,0.00,91.28
6216,2019/10/31,28.05,28.25,28,28.1,0.15000000000000213,0.54,74.6
6216,2019/10/30,27.85,28,27.8,27.95,0.09999999999999787,0.36,89.901
6216,2019/10/29,27.9,27.95,27.85,27.85,-0.04999999999999716,-0.18,55.77
6216,2019/10/28,28,28.05,27.85,27.9,-0.10000000000000142,-0.36,94.049
6216,2019/10/25,27.95,28,27.95,28,0.05000000000000071,0.18,40.259
6216,2019/10/24,27.9,27.95,27.9,27.95,0.05000000000000071,0.18,47.1
6216,2019/10/23,27.85,27.95,27.85,27.9,0.04999999999999716,0.18,61.1
6216,2019/10/22,27.85,27.95,27.8,27.85,0,0.00,53.356
6216,2019/10/21,27.8,27.85,27.75,27.85,0.05000000000000071,0.18,42.397
6216,2019/10/18,27.8,27.8,27.7,27.8,0,0.00,33.148
6216,2019/10/17,27.85,27.85,27.75,27.8,-0.05000000000000071,-0.18,39.306
6216,2019/10/16,27.75,27.9,27.7,27.85,0.10000000000000142,0.36,39.417
6216,2019/10/15,27.7,27.8,27.65,27.75,0.10000000000000142,0.36,40.662
6216,2019/10/14,27.7,27.8,27.65,27.65,0,0.00,62.633
6216,2019/10/09,27.8,27.9,27.65,27.65,-0.15000000000000213,-0.54,60.049
6216,2019/10/08,28,28,27.8,27.8,-0.14999999999999858,-0.54,61.26
6216,2019/10/07,27.95,28,27.9,27.95,0,0.00,35.322
6216,2019/10/04,27.85,27.95,27.8,27.95,0.14999999999999858,0.54,45.01
6216,2019/10/03,27.75,27.85,27.75,27.8,0.05000000000000071,0.18,30.076
6216,2019/10/02,27.7,27.8,27.7,27.75,0.05000000000000071,0.18,9.114
6216,2019/10/01,27.8,27.8,27.6,27.7,-0.15000000000000213,-0.54,64.002
6216,2019/09/27,27.95,27.95,27.75,27.85,-0.09999999999999787,-0.36,43.001
6216,2019/09/26,27.85,27.95,27.8,27.95,0.14999999999999858,0.54,63.348
6216,2019/09/25,27.8,27.8,27.75,27.8,0,0.00,45.321
6216,2019/09/24,27.9,27.9,27.8,27.8,-0.05000000000000071,-0.18,48.25
6216,2019/09/23,27.85,28,27.8,27.85,0,0.00,79
6216,2019/09/20,27.95,27.95,27.85,27.85,-0.09999999999999787,-0.36,55.338
6216,2019/09/19,27.95,27.95,27.9,27.95,0.09999999999999787,0.36,15.631
6216,2019/09/18,27.8,27.95,27.8,27.85,0.05000000000000071,0.18,56.148
6216,2019/09/17,27.8,27.8,27.6,27.8,0,0.00,53.341
6216,2019/09/16,27.9,27.9,27.8,27.8,-0.09999999999999787,-0.36,48.052
6216,2019/09/12,27.95,27.95,27.9,27.9,-0.05000000000000071,-0.18,31.001
6216,2019/09/11,27.9,27.95,27.85,27.95,0,0.00,68.002
6216,2019/09/10,27.9,28,27.9,27.95,0,0.00,35.001
6216,2019/09/09,28,28,27.9,27.95,0,0.00,72.357
6216,2019/09/06,28,28,27.9,27.95,-0.05000000000000071,-0.18,58.001
6216,2019/09/05,28.1,28.1,27.9,28,0,0.00,63.646
6216,2019/09/04,27.9,28,27.85,28,0.10000000000000142,0.36,70.836
6216,2019/09/03,27.9,27.9,27.8,27.9,-0.05000000000000071,-0.18,81.685
6216,2019/09/02,28,28,27.75,27.95,-0.05000000000000071,-0.18,117.427
6216,2019/08/30,28,28,27.75,28,0.1999999999999993,0.72,122.209
6216,2019/08/29,27.55,28.45,27.55,27.8,0.3000000000000007,1.09,240.152
6216,2019/08/28,27.15,27.55,27.15,27.5,-1.3999999999999986,-4.84,483.7
6216,2019/08/27,29.05,29.05,28.85,28.9,-0.15000000000000213,-0.52,581.558
6216,2019/08/26,29.05,29.1,28.9,29.05,-0.14999999999999858,-0.51,192.055
6216,2019/08/23,29.25,29.25,29.1,29.2,0,0.00,195.551
6216,2019/08/22,29.1,29.25,28.95,29.2,0.09999999999999787,0.34,222.347
6216,2019/08/21,29.05,29.1,29,29.1,0.05000000000000071,0.17,113.036
6216,2019/08/20,29.15,29.2,29.05,29.05,-0.05000000000000071,-0.17,195.246
6216,2019/08/19,29,29.1,28.9,29.1,0.10000000000000142,0.34,135.464
6216,2019/08/16,28.8,29.05,28.8,29,0.1999999999999993,0.69,58.02
6216,2019/08/15,29.05,29.05,28.8,28.8,-0.25,-0.86,113.41
6216,2019/08/14,29.1,29.15,28.9,29.05,0,0.00,118.205
6216,2019/08/13,28.95,29.1,28.9,29.05,0.15000000000000213,0.52,174.372
6216,2019/08/12,28.85,28.95,28.85,28.9,0.09999999999999787,0.35,57.681
6216,2019/08/08,28.6,28.9,28.6,28.8,0.1999999999999993,0.70,48.6
6216,2019/08/07,28.5,28.9,28.5,28.6,0.10000000000000142,0.35,73.221
6216,2019/08/06,28.5,28.5,28.2,28.5,-0.3500000000000014,-1.21,151.2
6216,2019/08/05,29,29.1,28.8,28.85,-0.14999999999999858,-0.52,117.478
6216,2019/08/02,29.05,29.1,29,29,-0.10000000000000142,-0.34,43.1
6216,2019/08/01,29,29.1,28.95,29.1,0.10000000000000142,0.34,67.723
6216,2019/07/31,29.05,29.1,29,29,-0.05000000000000071,-0.17,51.045
6216,2019/07/30,28.95,29.05,28.95,29.05,0.10000000000000142,0.35,138
6216,2019/07/29,29.1,29.15,28.95,28.95,0,0.00,65.807
6216,2019/07/26,29,29.05,28.9,28.95,-0.05000000000000071,-0.17,43.507
6216,2019/07/25,29,29,28.95,29,0.10000000000000142,0.35,62.186
6216,2019/07/24,29.1,29.1,28.9,28.9,-0.15000000000000213,-0.52,111.882
6216,2019/07/23,29.1,29.1,29,29.05,0.05000000000000071,0.17,64.525
6216,2019/07/22,28.9,29.05,28.9,29,0,0.00,85.304
6216,2019/07/19,29,29,28.95,29,0.10000000000000142,0.35,63.502
6216,2019/07/18,29,29,28.9,28.9,0,0.00,37.002
6216,2019/07/17,29.05,29.05,28.9,28.9,-0.15000000000000213,-0.52,55.001
6216,2019/07/16,29.15,29.2,29,29.05,-0.05000000000000071,-0.17,71.478
6216,2019/07/15,29.15,29.15,29.1,29.1,0,0.00,20.007
6216,2019/07/12,29.2,29.25,28.9,29.1,-0.04999999999999716,-0.17,62
6216,2019/07/11,28.85,29.15,28.85,29.15,0.34999999999999787,1.22,183.543
6216,2019/07/10,28.75,28.8,28.65,28.8,0.05000000000000071,0.17,57
6216,2019/07/09,28.6,28.75,28.6,28.75,0.1999999999999993,0.70,63.106
6216,2019/07/08,28.6,28.6,28.5,28.55,-0.05000000000000071,-0.17,57.097
6216,2019/07/05,28.65,28.7,28.6,28.6,-0.04999999999999716,-0.17,50.034
6216,2019/07/04,28.55,28.65,28.55,28.65,0.09999999999999787,0.35,22.3
6216,2019/07/03,28.5,28.65,28.5,28.55,0.05000000000000071,0.18,65.008
6216,2019/07/02,28.55,28.7,28.5,28.5,-0.05000000000000071,-0.18,62.507
6216,2019/07/01,28.7,28.7,28.55,28.55,0,0.00,49.001
6216,2019/06/28,28.6,28.65,28.5,28.55,-0.05000000000000071,-0.17,35
6216,2019/06/27,28.7,28.75,28.6,28.6,-0.04999999999999716,-0.17,59.16
6216,2019/06/26,28.6,28.7,28.6,28.65,0.04999999999999716,0.17,25
6216,2019/06/25,28.65,28.65,28.55,28.6,-0.04999999999999716,-0.17,65.001
6216,2019/06/24,28.5,28.65,28.45,28.65,0.25,0.88,67.002
6216,2019/06/21,28.3,28.4,28.3,28.4,0.09999999999999787,0.35,90.847
6216,2019/06/20,28.1,28.3,28.1,28.3,0.05000000000000071,0.18,71.3
6216,2019/06/19,28.2,28.25,28.1,28.25,0.14999999999999858,0.53,69.316
6216,2019/06/18,28.2,28.25,28.1,28.1,-0.04999999999999716,-0.18,31.045
6216,2019/06/17,28.1,28.2,28,28.15,0.04999999999999716,0.18,21.002
6216,2019/06/14,28,28.2,28,28.1,0.10000000000000142,0.36,68.2
6216,2019/06/13,27.9,28.05,27.9,28,0.05000000000000071,0.18,70.206
6216,2019/06/12,28.1,28.1,27.95,27.95,-0.15000000000000213,-0.53,109.452
6216,2019/06/11,28.2,28.2,28,28.1,-0.09999999999999787,-0.35,87
6216,2019/06/10,28.5,28.5,28.2,28.2,-0.1999999999999993,-0.70,44.748
6216,2019/06/06,28.5,28.55,28.4,28.4,0,0.00,54.003
6216,2019/06/05,28.5,28.5,28.2,28.4,-0.05000000000000071,-0.18,60.07
6216,2019/06/04,28.5,28.5,28.4,28.45,-0.05000000000000071,-0.18,61.284
6216,2019/06/03,28.3,28.55,28.1,28.5,0.1999999999999993,0.71,86.052
6216,2019/05/31,28.2,28.5,28.2,28.3,0,0.00,52.779
6216,2019/05/30,28.1,28.3,28.1,28.3,0.3000000000000007,1.07,58.1
6216,2019/05/29,27.95,28.05,27.95,28,0.05000000000000071,0.18,38.1
6216,2019/05/28,27.9,28,27.9,27.95,0,0.00,33.665
6216,2019/05/27,28,28,27.85,27.95,0.05000000000000071,0.18,68.25
6216,2019/05/24,27.75,27.9,27.7,27.9,0.04999999999999716,0.18,61.001
6216,2019/05/23,27.9,27.95,27.8,27.85,-0.09999999999999787,-0.36,56.005
6216,2019/05/22,28.1,28.25,27.8,27.95,-0.15000000000000213,-0.53,142.002
6216,2019/05/21,28,28.2,27.95,28.1,0.05000000000000071,0.18,61.301
6216,2019/05/20,28,28.2,27.95,28.05,0.05000000000000071,0.18,46.049
6216,2019/05/17,28.05,28.05,27.95,28,0.05000000000000071,0.18,45.202
6216,2019/05/16,28.1,28.1,27.95,27.95,-0.15000000000000213,-0.53,91.366
6216,2019/05/15,28,28.3,28,28.1,0.10000000000000142,0.36,70.709
6216,2019/05/14,28,28,27.6,28,-0.25,-0.88,170.363
6216,2019/05/13,28.25,28.3,28.15,28.25,-0.25,-0.88,88.003
6216,2019/05/10,28.75,28.8,28.25,28.5,-0.3999999999999986,-1.38,165.767
6216,2019/05/09,28.95,29,28.75,28.9,-0.10000000000000142,-0.34,128.429
6216,2019/05/08,28.85,29,28.85,29,0.05000000000000071,0.17,44.002
6216,2019/05/07,28.8,28.95,28.8,28.95,0.09999999999999787,0.35,62.25
6216,2019/05/06,29,29,28.8,28.85,-0.14999999999999858,-0.52,121.009
6216,2019/05/03,29,29,28.9,29,0,0.00,56.002
6216,2019/05/02,28.95,29,28.9,29,0.10000000000000142,0.35,129.008
6216,2019/04/30,28.95,29,28.9,28.9,0.04999999999999716,0.17,57.147
6216,2019/04/29,29,29,28.85,28.85,-0.14999999999999858,-0.52,91.599
6216,2019/04/26,28.9,29,28.85,29,0.14999999999999858,0.52,72.255
6216,2019/04/25,28.9,28.95,28.8,28.85,-0.04999999999999716,-0.17,50.052
6216,2019/04/24,28.9,28.95,28.85,28.9,0.04999999999999716,0.17,54.022
6216,2019/04/23,29,29,28.8,28.85,-0.14999999999999858,-0.52,55.02
6216,2019/04/22,29,29.05,28.8,29,0.10000000000000142,0.35,122.108
6216,2019/04/19,28.85,28.95,28.8,28.9,0.09999999999999787,0.35,52.499
6216,2019/04/18,29,29,28.8,28.8,-0.1999999999999993,-0.69,78.448
6216,2019/04/17,29,29.05,28.8,29,0,0.00,74.256
6216,2019/04/16,29,29,28.9,29,0,0.00,39.233
6216,2019/04/15,29,29.1,28.9,29,0.05000000000000071,0.17,83
6216,2019/04/12,28.95,29,28.75,28.95,0,0.00,165.603
6216,2019/04/11,29.1,29.1,28.95,28.95,-0.3500000000000014,-1.19,126.013
6216,2019/04/10,29.3,29.35,29.2,29.3,0,0.00,78.009
6216,2019/04/09,29.1,29.3,29.1,29.3,0.25,0.86,74.005
6216,2019/04/08,29.1,29.15,29,29.05,-0.05000000000000071,-0.17,94.301
6216,2019/04/03,29.05,29.1,28.95,29.1,0.05000000000000071,0.17,82.098
6216,2019/04/02,29,29.1,28.95,29.05,0.10000000000000142,0.35,116.024
6216,2019/04/01,29,29,28.75,28.95,-0.05000000000000071,-0.17,130.805
6216,2019/03/29,29.3,29.35,28.95,29,-0.3000000000000007,-1.02,165.43
6216,2019/03/28,28.85,29.5,28.85,29.3,0.4499999999999993,1.56,203.724
6216,2019/03/27,28.7,28.9,28.7,28.85,0.15000000000000213,0.52,47.014
6216,2019/03/26,28.8,28.8,28.7,28.7,-0.05000000000000071,-0.17,37.026
6216,2019/03/25,28.95,28.95,28.7,28.75,-0.1999999999999993,-0.69,71.047
6216,2019/03/22,29.05,29.05,28.9,28.95,0,0.00,59.214
6216,2019/03/21,28.85,29.05,28.85,28.95,0.09999999999999787,0.35,80.049
6216,2019/03/20,28.8,28.9,28.7,28.85,0.25,0.87,36.562
6216,2019/03/19,28.8,28.8,28.55,28.6,-0.1999999999999993,-0.69,114.621
6216,2019/03/18,28.75,28.9,28.7,28.8,0,0.00,64.492
6216,2019/03/15,28.9,28.95,28.55,28.8,0.10000000000000142,0.35,105.486
6216,2019/03/14,28.9,28.9,28.7,28.7,-0.1999999999999993,-0.69,61.397
6216,2019/03/13,28.75,28.9,28.75,28.9,0.14999999999999858,0.52,38.231
6216,2019/03/12,29,29,28.75,28.75,0.10000000000000142,0.35,32.02
6216,2019/03/11,28.8,29.1,28.65,28.65,-0.15000000000000213,-0.52,109.431
6216,2019/03/08,28.6,28.8,28.55,28.8,0.1999999999999993,0.70,57.041
6216,2019/03/07,29,29,28.35,28.6,-0.3999999999999986,-1.38,155.026
6216,2019/03/06,29.05,29.05,29,29,-0.05000000000000071,-0.17,67.024
6216,2019/03/05,29,29.1,28.9,29.05,0.05000000000000071,0.17,80.492
6216,2019/03/04,28.7,29,28.7,29,0.3500000000000014,1.22,111.039
6216,2019/02/27,28.65,28.7,28.55,28.65,0.09999999999999787,0.35,122.2
6216,2019/02/26,28.45,28.6,28.45,28.55,0.15000000000000213,0.53,73.118
6216,2019/02/25,28.35,28.6,28.35,28.4,0.1999999999999993,0.71,42.45
6216,2019/02/22,28.15,28.35,28.15,28.2,0.05000000000000071,0.18,73.014
6216,2019/02/21,28.25,28.25,28,28.15,-0.10000000000000142,-0.35,78.05
6216,2019/02/20,28.2,28.25,28.15,28.25,0,0.00,28.1
6216,2019/02/19,28.05,28.25,28,28.25,0.1999999999999993,0.71,35.294
6216,2019/02/18,28.1,28.35,27.85,28.05,-0.09999999999999787,-0.36,112.02
6216,2019/02/15,28.45,28.5,28.15,28.15,-0.25,-0.88,80.01
6216,2019/02/14,28.2,28.4,28.2,28.4,0.1999999999999993,0.71,80.017
6216,2019/02/13,28,28.2,28,28.2,0.1999999999999993,0.71,57.7
6216,2019/02/12,28.2,28.2,28,28,-0.10000000000000142,-0.36,46.099
6216,2019/02/11,27.95,28.15,27.95,28.1,0.15000000000000213,0.54,72.451
6216,2019/01/30,28.1,28.1,27.95,27.95,-0.05000000000000071,-0.18,30.049
6216,2019/01/29,28,28,27.9,28,0.05000000000000071,0.18,62.02
6216,2019/01/28,28,28,27.9,27.95,0,0.00,46.579
6216,2019/01/25,27.85,28,27.85,27.95,0.09999999999999787,0.36,53.008
6216,2019/01/24,28,28.1,27.8,27.85,-0.14999999999999858,-0.54,49.006
6216,2019/01/23,27.6,28.05,27.6,28,0.3000000000000007,1.08,78
6216,2019/01/22,27.6,27.7,27.6,27.7,0.09999999999999787,0.36,29.002
6216,2019/01/21,27.6,27.7,27.6,27.6,0,0.00,44.5
6216,2019/01/18,27.6,27.7,27.6,27.6,0,0.00,40.202
6216,2019/01/17,27.65,27.8,27.6,27.6,-0.04999999999999716,-0.18,27
6216,2019/01/16,27.55,27.85,27.55,27.65,0.14999999999999858,0.55,44.22
6216,2019/01/15,27.7,27.7,27.5,27.5,-0.05000000000000071,-0.18,15.143
6216,2019/01/14,27.5,27.6,27.45,27.55,-0.09999999999999787,-0.36,29.003
6216,2019/01/11,27.75,27.75,27.5,27.65,-0.15000000000000213,-0.54,53.006
6216,2019/01/10,27.8,27.9,27.8,27.8,0,0.00,47.004
6216,2019/01/09,27.8,27.9,27.6,27.8,0.1999999999999993,0.72,63.011
6216,2019/01/08,27.7,27.7,27.55,27.6,-0.09999999999999787,-0.36,37.492
6216,2019/01/07,27.5,27.7,27.5,27.7,0.1999999999999993,0.73,17
6216,2019/01/04,27.7,27.7,27.5,27.5,-0.1999999999999993,-0.72,26.764
6216,2019/01/03,27.6,27.7,27.6,27.7,0.05000000000000071,0.18,22.524
6216,2019/01/02,27.65,27.8,27.6,27.65,0.09999999999999787,0.36,36.006
6216,2018/12/28,27.45,27.55,27.45,27.55,0.10000000000000142,0.36,24.003
6216,2018/12/27,27.5,27.6,27.35,27.45,0,0.00,49.001
6216,2018/12/26,27.4,27.5,27.4,27.45,0.09999999999999787,0.37,17.005
6216,2018/12/25,27.55,27.55,27.3,27.35,-0.29999999999999716,-1.08,56.002
6216,2018/12/24,27.65,27.9,27.6,27.65,-0.15000000000000213,-0.54,23.285
6216,2018/12/22,27.7,27.95,27.7,27.8,-0.14999999999999858,-0.54,12.004
6216,2018/12/21,27.85,27.95,27.7,27.95,0.05000000000000071,0.18,19.443
6216,2018/12/20,27.85,28,27.85,27.9,0.04999999999999716,0.18,22.054
6216,2018/12/19,27.85,28,27.85,27.85,0.05000000000000071,0.18,45.097
6216,2018/12/18,27.7,27.8,27.65,27.8,0,0.00,21.336
6216,2018/12/17,27.95,28.2,27.75,27.8,-0.1999999999999993,-0.71,51.002
6216,2018/12/14,28,28.15,27.8,28,0,0.00,55.004
6216,2018/12/13,27.75,28.45,27.7,28,0.25,0.90,119.36
6216,2018/12/12,27.7,27.75,27.6,27.75,0.05000000000000071,0.18,31.288
6216,2018/12/11,27.8,27.8,27.35,27.7,-0.10000000000000142,-0.36,79.549
6216,2018/12/10,27.5,27.9,27.5,27.8,0.3000000000000007,1.09,30.04
6216,2018/12/07,27.35,27.5,27.35,27.5,0.14999999999999858,0.55,14
6216,2018/12/06,27.55,27.55,27.35,27.35,-0.1999999999999993,-0.73,70.001
6216,2018/12/05,27.6,27.75,27.55,27.55,-0.25,-0.90,39.05
6216,2018/12/04,27.5,27.8,27.5,27.8,0.15000000000000213,0.54,57.346
6216,2018/12/03,27.3,27.8,27.3,27.65,0.3999999999999986,1.47,79.763
6216,2018/11/30,27.2,27.4,27.2,27.25,0.05000000000000071,0.18,9.088
6216,2018/11/29,27.55,27.6,27.2,27.2,-0.15000000000000213,-0.55,67.002
6216,2018/11/28,26.95,27.35,26.95,27.35,0.40000000000000213,1.48,43.018
6216,2018/11/27,27,27,26.9,26.95,-0.15000000000000213,-0.55,41.002
6216,2018/11/26,27.25,27.25,26.95,27.1,0.10000000000000142,0.37,32.01
6216,2018/11/23,27.45,27.45,27,27,0,0.00,36.145
6216,2018/11/22,27.15,27.15,27,27,-0.14999999999999858,-0.55,15.001
6216,2018/11/21,27,27.35,26.75,27.15,0.04999999999999716,0.18,74.521
6216,2018/11/20,26.9,27.1,26.9,27.1,0.20000000000000284,0.74,43.002
6216,2018/11/19,26.9,27.2,26.85,26.9,0,0.00,70.2
6216,2018/11/16,27.05,27.05,26.9,26.9,-0.20000000000000284,-0.74,82.101
6216,2018/11/15,27.2,27.2,27.1,27.1,-0.04999999999999716,-0.18,26.2
6216,2018/11/14,27.1,27.2,27.1,27.15,0.04999999999999716,0.18,28.1
6216,2018/11/13,27,27.1,26.6,27.1,0.10000000000000142,0.37,59.001
6216,2018/11/12,26.95,27,26.9,27,0,0.00,41.26
6216,2018/11/09,27,27,26.8,27,0.10000000000000142,0.37,23.937
6216,2018/11/08,26.6,26.95,26.6,26.9,0.34999999999999787,1.32,38.226
6216,2018/11/07,26.65,26.65,26.5,26.55,0,0.00,27.003
6216,2018/11/06,26.4,26.7,26.4,26.55,0.15000000000000213,0.57,16.3
6216,2018/11/05,26.7,26.7,26.2,26.4,-0.40000000000000213,-1.49,30.101
6216,2018/11/02,26.65,26.8,26.65,26.8,0.15000000000000213,0.56,39.102
6216,2018/11/01,26.6,26.8,26.55,26.65,0.04999999999999716,0.19,38
6216,2018/10/31,26.4,26.6,26.4,26.6,0.20000000000000284,0.76,37.036
6216,2018/10/30,26.1,26.4,26.05,26.4,0.29999999999999716,1.15,62.001
6216,2018/10/29,26.05,26.2,26.05,26.1,0.05000000000000071,0.19,33.005
6216,2018/10/26,26.15,26.2,26.05,26.05,-0.05000000000000071,-0.19,112.008
6216,2018/10/25,26.5,26.5,26.05,26.1,-0.5999999999999979,-2.25,185.473
6216,2018/10/24,26.75,26.75,26.6,26.7,-0.05000000000000071,-0.19,27.273
6216,2018/10/23,26.9,26.9,26.75,26.75,-0.1999999999999993,-0.74,24.117
6216,2018/10/22,26.65,26.95,26.6,26.95,0.3000000000000007,1.13,20.183
6216,2018/10/19,27,27,26.5,26.65,-0.3500000000000014,-1.30,92.004
6216,2018/10/18,26.8,27,26.8,27,0.1999999999999993,0.75,29.152
6216,2018/10/17,26.7,26.9,26.6,26.8,0.1999999999999993,0.75,39.24
6216,2018/10/16,26.75,26.8,26.5,26.6,0.10000000000000142,0.38,67.817
6216,2018/10/15,27,27,26.25,26.5,-0.4499999999999993,-1.67,158.104
6216,2018/10/12,26.25,27,26.2,26.95,0.3999999999999986,1.51,116.805
6216,2018/10/11,27.55,27.55,26.3,26.55,-1.3000000000000007,-4.67,342.427
6216,2018/10/09,27.8,27.85,27.65,27.85,0.05000000000000071,0.18,55.416
6216,2018/10/08,27.8,27.9,27.6,27.8,0,0.00,118.5
6216,2018/10/05,27.95,27.95,27.8,27.8,-0.14999999999999858,-0.54,156.039
6216,2018/10/04,28,28.05,27.95,27.95,-0.05000000000000071,-0.18,50.001
6216,2018/10/03,28,28.05,27.85,28,0.14999999999999858,0.54,48.706
6216,2018/10/02,28,28,27.85,27.85,-0.14999999999999858,-0.54,142
6216,2018/10/01,28.2,28.2,28,28,-0.1999999999999993,-0.71,264.019
6216,2018/09/28,28.2,28.3,28.2,28.2,0,0.00,65
6216,2018/09/27,28.1,28.2,28,28.2,0.09999999999999787,0.36,74.575
6216,2018/09/26,28.05,28.2,28,28.1,0,0.00,51.5
6216,2018/09/25,28,28.15,28,28.1,0.10000000000000142,0.36,48.861
6216,2018/09/21,28.1,28.1,28,28,-0.10000000000000142,-0.36,37.005
6216,2018/09/20,27.8,28.1,27.8,28.1,0.3000000000000007,1.08,87
6216,2018/09/19,28,28,27.8,27.8,-0.1999999999999993,-0.71,420.377
6216,2018/09/18,28.15,28.15,27.95,28,-0.10000000000000142,-0.36,98.13
6216,2018/09/17,28.15,28.2,28.05,28.1,0,0.00,50.702
6216,2018/09/14,28.25,28.25,28.1,28.1,-0.09999999999999787,-0.35,108.5
6216,2018/09/13,28.2,28.2,28,28.2,0.14999999999999858,0.53,59.723
6216,2018/09/12,28.1,28.15,28.05,28.05,-0.05000000000000071,-0.18,55
6216,2018/09/11,28,28.1,27.8,28.1,0.10000000000000142,0.36,129.003
6216,2018/09/10,28.1,28.15,28,28,-0.05000000000000071,-0.18,141.002
6216,2018/09/07,28.25,28.25,28,28.05,-0.14999999999999858,-0.53,125.109
6216,2018/09/06,28.3,28.35,28.2,28.2,-0.10000000000000142,-0.35,52.101
6216,2018/09/05,28.35,28.35,28.15,28.3,-0.05000000000000071,-0.18,56
6216,2018/09/04,28.4,28.5,28.35,28.35,0,0.00,47.201
6216,2018/09/03,28.4,28.4,28.25,28.35,0.10000000000000142,0.35,62.09
6216,2018/08/31,28.3,28.3,28.15,28.25,-0.05000000000000071,-0.18,44.621
6216,2018/08/30,28.5,28.5,28.3,28.3,0,0.00,29.557
6216,2018/08/29,28.45,28.45,28.2,28.3,-0.14999999999999858,-0.53,94.557
6216,2018/08/28,28.25,28.45,28.2,28.45,0.1999999999999993,0.71,105.299
6216,2018/08/27,28,28.25,28,28.25,-1.6000000000000014,-5.36,400.502
6216,2018/08/24,29.9,29.9,29.7,29.85,-0.04999999999999716,-0.17,399.19
6216,2018/08/23,29.85,29.95,29.85,29.9,0.04999999999999716,0.17,218.741
6216,2018/08/22,29.6,29.9,29.6,29.85,0.15000000000000213,0.51,57.901
6216,2018/08/21,29.8,29.95,29.65,29.7,0.09999999999999787,0.34,135.431
6216,2018/08/20,29.55,29.8,29.55,29.6,0.05000000000000071,0.17,107.832
6216,2018/08/17,29.35,29.6,29.35,29.55,0.25,0.85,167.446
6216,2018/08/16,29.2,29.35,29.1,29.3,0.05000000000000071,0.17,116.2
6216,2018/08/15,29.35,29.45,29.2,29.25,0,0.00,153.501
6216,2018/08/14,29.15,29.5,29.15,29.25,0.10000000000000142,0.34,227.413
6216,2018/08/13,29.75,29.75,28.95,29.15,-0.75,-2.51,541.234
6216,2018/08/10,30.15,30.35,29.9,29.9,-0.45000000000000284,-1.48,424.25
6216,2018/08/09,30.25,30.35,30.25,30.35,0,0.00,45.675
6216,2018/08/08,30.4,30.4,30.25,30.35,0.05000000000000071,0.17,94.42
6216,2018/08/07,30.2,30.4,30.2,30.3,0.10000000000000142,0.33,133.001
6216,2018/08/06,30.15,30.25,30.15,30.2,0.05000000000000071,0.17,97.402
6216,2018/08/03,30.4,30.4,30.1,30.15,-0.25,-0.82,118.061
6216,2018/08/02,30.25,30.5,30.25,30.4,0.14999999999999858,0.50,154.147
6216,2018/08/01,30.05,30.4,30.05,30.25,0.1999999999999993,0.67,114.64
6216,2018/07/31,30,30.05,29.95,30.05,0.05000000000000071,0.17,33.157
6216,2018/07/30,29.95,30.05,29.85,30,0.14999999999999858,0.50,64.15
6216,2018/07/27,29.9,30,29.8,29.85,-0.1999999999999993,-0.67,107.069
6216,2018/07/26,30.05,30.2,29.95,30.05,0.10000000000000142,0.33,106.402
6216,2018/07/25,30,30.2,29.95,29.95,-0.05000000000000071,-0.17,72.103
6216,2018/07/24,29.75,30.1,29.65,30,0.25,0.84,55.1
6216,2018/07/23,30.2,30.2,29.75,29.75,-0.4499999999999993,-1.49,100.852
6216,2018/07/20,30.35,30.5,30.05,30.2,-0.10000000000000142,-0.33,213.675
6216,2018/07/19,30.05,30.5,30.05,30.3,0.40000000000000213,1.34,327.048
6216,2018/07/18,29.8,30,29.65,29.9,0.09999999999999787,0.34,129.003
6216,2018/07/17,29.9,29.9,29.75,29.8,0.05000000000000071,0.17,96.6
6216,2018/07/16,29.65,29.9,29.55,29.75,0.25,0.85,165.356
6216,2018/07/13,29.3,30.1,29.1,29.5,0.3999999999999986,1.37,2027.852
6216,2018/07/12,29.2,29.5,29.05,29.1,-0.09999999999999787,-0.34,61.002
6216,2018/07/11,29.2,29.6,29.2,29.2,0,0.00,159.231
6216,2018/07/10,29.3,29.3,29.1,29.2,-0.05000000000000071,-0.17,27.198
6216,2018/07/09,29.35,29.35,29.2,29.25,0.25,0.86,87.003
6216,2018/07/06,29.4,29.4,28.85,29,-0.1999999999999993,-0.68,159.002
6216,2018/07/05,29.3,29.5,29.2,29.2,-0.40000000000000213,-1.35,93.202
6216,2018/07/04,29.45,29.6,29.45,29.6,0,0.00,41
6216,2018/07/03,29.6,29.8,29.55,29.6,0,0.00,63.316
6216,2018/07/02,29.7,29.85,29.5,29.6,0,0.00,94.033
6216,2018/06/29,29.45,29.7,29.45,29.6,0.15000000000000213,0.51,57.706
6216,2018/06/28,29.15,29.5,29.15,29.45,0.25,0.86,106.045
6216,2018/06/27,29.25,29.4,29.2,29.2,0,0.00,58.002
6216,2018/06/26,29.3,29.3,29.1,29.2,-0.10000000000000142,-0.34,54.049
6216,2018/06/25,29.3,29.6,29.3,29.3,0,0.00,77.975
6216,2018/06/22,29.4,29.5,29.15,29.3,-0.09999999999999787,-0.34,68.549
6216,2018/06/21,29.15,29.45,29.1,29.4,0.14999999999999858,0.51,69.132
6216,2018/06/20,29.6,29.6,29,29.25,-0.3500000000000014,-1.18,95.92
6216,2018/06/19,29.6,29.6,29.55,29.6,0,0.00,40.988
6216,2018/06/15,29.6,29.65,29.55,29.6,0.05000000000000071,0.17,60.492
6216,2018/06/14,29.55,29.65,29.55,29.55,0,0.00,43.41
6216,2018/06/13,29.6,29.65,29.5,29.55,-0.05000000000000071,-0.17,87.823
6216,2018/06/12,29.45,29.65,29.4,29.6,0.15000000000000213,0.51,65.685
6216,2018/06/11,29.5,29.55,29.25,29.45,-0.25,-0.84,175.001
6216,2018/06/08,29.8,29.8,29.6,29.7,-0.05000000000000071,-0.17,76.368
6216,2018/06/07,29.85,29.85,29.7,29.75,-0.05000000000000071,-0.17,65.1
6216,2018/06/06,29.8,29.9,29.75,29.8,0,0.00,85.071
6216,2018/06/05,30,30,29.8,29.8,-0.09999999999999787,-0.33,129.1
6216,2018/06/04,29.75,30.05,29.75,29.9,0.14999999999999858,0.50,176.37
6216,2018/06/01,29.7,29.8,29.65,29.75,0.05000000000000071,0.17,62.75
6216,2018/05/31,29.6,29.75,29.6,29.7,0.1999999999999993,0.68,68.845
6216,2018/05/30,29.7,29.75,29.4,29.5,-0.3000000000000007,-1.01,76.2
6216,2018/05/29,29.8,29.8,29.7,29.8,0,0.00,82.111
6216,2018/05/28,29.75,29.85,29.7,29.8,0.10000000000000142,0.34,77.049
6216,2018/05/25,29.7,29.7,29.5,29.7,0.05000000000000071,0.17,86.38
6216,2018/05/24,29.45,29.75,29.45,29.65,0.14999999999999858,0.51,125.357
6216,2018/05/23,29.5,29.55,29.45,29.5,0,0.00,121.001
6216,2018/05/22,29.7,29.7,29.45,29.5,-0.1999999999999993,-0.67,131.777
6216,2018/05/21,29.3,29.95,29.3,29.7,0.4499999999999993,1.54,259.74
6216,2018/05/18,29.2,29.5,29.2,29.25,0.10000000000000142,0.34,154.002
6216,2018/05/17,29.1,29.25,29.1,29.15,0.04999999999999716,0.17,109.102
6216,2018/05/16,29.1,29.15,29,29.1,0,0.00,83.244
6216,2018/05/15,29.1,29.25,29.1,29.1,0,0.00,110.003
6216,2018/05/14,29.05,29.2,29.05,29.1,0.10000000000000142,0.34,236.551
6216,2018/05/11,28.7,29.2,28.7,29,0.4499999999999993,1.58,207.414
6216,2018/05/10,28.5,28.55,28.45,28.55,0.05000000000000071,0.18,45.101
6216,2018/05/09,28.5,28.5,28.4,28.5,0.10000000000000142,0.35,49.45
6216,2018/05/08,28.3,28.4,28.3,28.4,0.09999999999999787,0.35,69.185
6216,2018/05/07,28.5,28.5,28.25,28.3,0,0.00,173.247
6216,2018/05/04,28.5,28.5,28.3,28.3,-0.1999999999999993,-0.70,121.71
6216,2018/05/03,28.6,28.6,28.5,28.5,-0.10000000000000142,-0.35,30.302
6216,2018/05/02,28.5,28.65,28.1,28.6,0,0.00,78.057
6216,2018/04/30,28.4,28.6,28.4,28.6,0.20000000000000284,0.70,58.051
6216,2018/04/27,28.35,28.45,28.3,28.4,0.04999999999999716,0.18,78.099
6216,2018/04/26,28.45,28.65,28.35,28.35,-0.14999999999999858,-0.53,131
6216,2018/04/25,28.55,28.65,28.4,28.5,-0.05000000000000071,-0.18,69.136
6216,2018/04/24,28.7,28.7,28.5,28.55,-0.09999999999999787,-0.35,61.164
6216,2018/04/23,28.6,28.9,28.6,28.65,0,0.00,77.852
6216,2018/04/20,28.65,28.7,28.55,28.65,0,0.00,70.591
6216,2018/04/19,28.7,28.85,28.6,28.65,0,0.00,81.012
6216,2018/04/18,28.65,28.8,28.6,28.65,0,0.00,62.016
6216,2018/04/17,28.95,29,28.6,28.65,-0.3000000000000007,-1.04,107.237
6216,2018/04/16,28.9,29,28.9,28.95,-0.05000000000000071,-0.17,126.192
6216,2018/04/13,28.9,29,28.8,29,0.10000000000000142,0.35,88.086
6216,2018/04/12,28.75,28.9,28.6,28.9,0.1999999999999993,0.70,176.217
6216,2018/04/11,29,29,28.7,28.7,-0.25,-0.86,307.033
6216,2018/04/10,29.1,29.15,28.95,28.95,-0.15000000000000213,-0.52,53.513
6216,2018/04/09,28.95,29.1,28.9,29.1,0.15000000000000213,0.52,108.908
6216,2018/04/03,29.25,29.25,28.85,28.95,-0.4499999999999993,-1.53,128.011
6216,2018/04/02,28.9,29.45,28.9,29.4,0.5499999999999972,1.91,325.809
6216,2018/03/31,28.75,28.9,28.5,28.85,0.10000000000000142,0.35,68.002
6216,2018/03/30,28.5,28.95,28.4,28.75,0.5500000000000007,1.95,234
6216,2018/03/29,28.1,28.3,28,28.2,0.09999999999999787,0.36,70.008
6216,2018/03/28,28.5,28.5,28,28.1,0,0.00,133.118
6216,2018/03/27,28.3,28.35,28,28.1,-0.14999999999999858,-0.53,361.529
6216,2018/03/26,28.2,28.4,28.2,28.25,-0.1999999999999993,-0.70,142.888
6216,2018/03/23,28.6,28.6,28.2,28.45,-0.15000000000000213,-0.52,307.014
6216,2018/03/22,28.6,28.8,28.6,28.6,0,0.00,65.187
6216,2018/03/21,28.75,28.8,28.55,28.6,-0.14999999999999858,-0.52,52.601
6216,2018/03/20,28.85,28.9,28.5,28.75,-0.05000000000000071,-0.17,111.02
6216,2018/03/19,28.7,29,28.6,28.8,0.10000000000000142,0.35,99.197
6216,2018/03/16,28.65,28.8,28.65,28.7,0.05000000000000071,0.17,34.088
6216,2018/03/15,28.65,28.65,28.55,28.65,0,0.00,36.004
6216,2018/03/14,28.55,28.75,28.55,28.65,0.09999999999999787,0.35,50.011
6216,2018/03/13,28.4,28.6,28.4,28.55,0.15000000000000213,0.53,80.988
6216,2018/03/12,28.25,28.5,28.25,28.4,-0.10000000000000142,-0.35,73.112
6216,2018/03/09,28.6,28.6,28.2,28.5,-0.10000000000000142,-0.35,51.507
6216,2018/03/08,28.35,28.75,28.35,28.6,0.10000000000000142,0.35,86.008
6216,2018/03/07,28.5,28.5,28.45,28.5,-0.05000000000000071,-0.18,25.379
6216,2018/03/06,28.7,29,28.55,28.55,0,0.00,51.02
6216,2018/03/05,28.5,28.65,28.45,28.55,0.05000000000000071,0.18,30.129
6216,2018/03/02,28.3,28.65,28.3,28.5,0.14999999999999858,0.53,74.021
6216,2018/03/01,28.3,28.5,28.25,28.35,0.05000000000000071,0.18,54.356
6216,2018/02/27,28.5,28.5,28.3,28.3,-0.09999999999999787,-0.35,62.419
6216,2018/02/26,28.4,28.5,28.4,28.4,0.04999999999999716,0.18,51.345
6216,2018/02/23,28.25,28.4,28.25,28.35,0.10000000000000142,0.35,58.635
6216,2018/02/22,28.2,28.5,28.2,28.25,0.05000000000000071,0.18,33.121
6216,2018/02/21,28,28.4,28,28.2,0.3000000000000007,1.08,37.192
6216,2018/02/12,28.25,28.25,27.75,27.9,-0.20000000000000284,-0.71,184.502
6216,2018/02/09,28.3,28.3,27.7,28.1,-0.29999999999999716,-1.06,92.104
6216,2018/02/08,28.55,28.55,28.35,28.4,-0.15000000000000213,-0.53,63.625
6216,2018/02/07,28,28.75,28,28.55,0.6500000000000021,2.33,88.105
6216,2018/02/06,29.05,29.05,27.65,27.9,-1.25,-4.29,372.716
6216,2018/02/05,29,29.2,28.85,29.15,0.25,0.87,152.599
6216,2018/02/02,28.95,29,28.9,28.9,-0.05000000000000071,-0.17,63.12
6216,2018/02/01,29,29.1,28.9,28.95,-0.05000000000000071,-0.17,45.003
6216,2018/01/31,29.05,29.15,28.8,29,-0.10000000000000142,-0.34,93.551
6216,2018/01/30,29.2,29.2,29,29.1,-0.09999999999999787,-0.34,54.154
6216,2018/01/29,29.1,29.2,29.1,29.2,0.09999999999999787,0.34,99.337
6216,2018/01/26,29.2,29.2,29,29.1,-0.09999999999999787,-0.34,110.001
6216,2018/01/25,29.2,29.25,29.15,29.2,0.14999999999999858,0.52,93.281
6216,2018/01/24,29.2,29.2,29,29.05,-0.09999999999999787,-0.34,47.248
6216,2018/01/23,29.15,29.2,29,29.15,0,0.00,66.56
6216,2018/01/22,29.2,29.2,29,29.15,0.09999999999999787,0.34,125.454
6216,2018/01/19,29.1,29.1,28.95,29.05,0.10000000000000142,0.35,101.921
6216,2018/01/18,29.15,29.2,28.9,28.95,-0.15000000000000213,-0.52,121.609
6216,2018/01/17,28.95,29.1,28.95,29.1,0.15000000000000213,0.52,76.352
6216,2018/01/16,28.9,28.95,28.8,28.95,0.05000000000000071,0.17,48.949
6216,2018/01/15,28.8,28.9,28.75,28.9,0.09999999999999787,0.35,97
6216,2018/01/12,28.8,28.9,28.8,28.8,0,0.00,88.301
6216,2018/01/11,28.9,28.9,28.8,28.8,-0.09999999999999787,-0.35,74.189
6216,2018/01/10,29.1,29.1,28.9,28.9,-0.15000000000000213,-0.52,50.402
6216,2018/01/09,29.15,29.25,29,29.05,-0.09999999999999787,-0.34,79.303
6216,2018/01/08,29.3,29.3,29.1,29.15,0.09999999999999787,0.34,154.002
6216,2018/01/05,29,29.15,28.8,29.05,0.10000000000000142,0.35,169.502
6216,2018/01/04,28.65,28.95,28.65,28.95,0.3000000000000007,1.05,132.098
